date,open,high,low,close,adj close,volume,run_max,90_percent_of_run_max,Correction,80_percent_of_run_max,Bear,200D_average,Bull
2020-07-06,3155.29,3182.59,3155.29,3179.72,3179.72,4759160000.0,3179.72,2861.748,False,2543.776,False,3179.72,False
2020-07-07,3166.44,3184.15,3142.93,3145.32,3145.32,4571330000.0,3179.72,2861.748,False,2543.776,False,3162.52,False
2020-07-08,3153.07,3171.8,3136.53,3169.94,3169.94,4937310000.0,3179.72,2861.748,False,2543.776,False,3164.9933333333333,True
2020-07-09,3176.17,3179.78,3115.7,3152.05,3152.05,4843650000.0,3179.72,2861.748,False,2543.776,False,3161.7575,False
2020-07-10,3152.47,3186.82,3136.22,3185.04,3185.04,4524190000.0,3185.04,2866.536,False,2548.032,False,3166.4139999999998,True
2020-07-13,3205.08,3235.32,3149.43,3155.22,3155.22,4902440000.0,3185.04,2866.536,False,2548.032,False,3164.5483333333336,False
2020-07-14,3141.11,3200.95,3127.66,3197.52,3197.52,4507140000.0,3197.52,2877.768,False,2558.016,False,3169.2585714285715,True
2020-07-15,3225.98,3238.28,3200.76,3226.56,3226.56,4686830000.0,3226.56,2903.904,False,2581.248,False,3176.42125,True
2020-07-16,3208.36,3220.39,3198.59,3215.57,3215.57,3972860000.0,3226.56,2903.904,False,2581.248,False,3180.771111111111,True
2020-07-17,3224.21,3233.52,3205.65,3224.73,3224.73,4012850000.0,3226.56,2903.904,False,2581.248,False,3185.167,True
2020-07-20,3224.29,3258.61,3215.16,3251.84,3251.84,3979340000.0,3251.84,2926.6560000000004,False,2601.472,False,3191.228181818182,True
2020-07-21,3268.52,3277.29,3247.77,3257.3,3257.3,4556610000.0,3257.3,2931.57,False,2605.84,False,3196.7341666666666,True
2020-07-22,3254.86,3279.32,3253.1,3276.02,3276.02,4267160000.0,3276.02,2948.418,False,2620.8160000000003,False,3202.833076923077,True
2020-07-23,3271.64,3279.99,3222.66,3235.66,3235.66,4296760000.0,3276.02,2948.418,False,2620.8160000000003,False,3205.177857142857,True
2020-07-24,3218.58,3227.26,3200.05,3215.63,3215.63,3689410000.0,3276.02,2948.418,False,2620.8160000000003,False,3205.874666666667,True
2020-07-27,3219.84,3241.43,3214.25,3239.41,3239.41,3970310000.0,3276.02,2948.418,False,2620.8160000000003,False,3207.970625,True
2020-07-28,3234.27,3243.72,3216.17,3218.44,3218.44,4053180000.0,3276.02,2948.418,False,2620.8160000000003,False,3208.5864705882354,True
2020-07-29,3227.22,3264.74,3227.22,3258.44,3258.44,4478200000.0,3276.02,2948.418,False,2620.8160000000003,False,3211.356111111111,True
2020-07-30,3231.76,3250.92,3204.13,3246.22,3246.22,4264920000.0,3276.02,2948.418,False,2620.8160000000003,False,3213.1910526315787,True
2020-07-31,3270.45,3272.17,3220.26,3271.12,3271.12,5007530000.0,3276.02,2948.418,False,2620.8160000000003,False,3216.0875,True
2020-08-03,3288.26,3302.73,3284.53,3294.61,3294.61,4438940000.0,3294.61,2965.1490000000003,False,2635.688,False,3219.826666666667,True
2020-08-04,3289.92,3306.84,3286.37,3306.51,3306.51,4414380000.0,3306.51,2975.8590000000004,False,2645.2080000000005,False,3223.766818181818,True
2020-08-05,3317.37,3330.77,3317.37,3327.77,3327.77,4535060000.0,3327.77,2994.993,False,2662.2160000000003,False,3228.288695652174,True
2020-08-06,3323.17,3351.03,3318.14,3349.16,3349.16,4278930000.0,3349.16,3014.244,False,2679.328,False,3233.3250000000003,True
2020-08-07,3340.05,3352.54,3328.72,3351.28,3351.28,4110030000.0,3351.28,3016.152,False,2681.0240000000003,False,3238.0432,True
2020-08-10,3356.04,3363.29,3335.44,3360.47,3360.47,4327920000.0,3360.47,3024.423,False,2688.376,False,3242.751923076923,True
2020-08-11,3370.34,3381.01,3326.44,3333.69,3333.69,4880540000.0,3360.47,3024.423,False,2688.376,False,3246.1200000000003,True
2020-08-12,3355.46,3387.89,3355.46,3380.35,3380.35,3772250000.0,3380.35,3042.315,False,2704.28,False,3250.9139285714286,True
2020-08-13,3372.95,3387.24,3363.35,3373.43,3373.43,3438730000.0,3380.35,3042.315,False,2704.28,False,3255.1386206896555,True
2020-08-14,3368.66,3378.51,3361.64,3372.85,3372.85,3200060000.0,3380.35,3042.315,False,2704.28,False,3259.0623333333333,True
2020-08-17,3380.86,3387.59,3379.22,3381.99,3381.99,3460330000.0,3381.99,3043.7909999999997,False,2705.592,False,3263.027741935484,True
2020-08-18,3387.04,3395.06,3370.15,3389.78,3389.78,3669550000.0,3389.78,3050.802,False,2711.8240000000005,False,3266.98875,True
2020-08-19,3392.51,3399.54,3369.66,3374.85,3374.85,3679480000.0,3389.78,3050.802,False,2711.8240000000005,False,3270.2572727272727,True
2020-08-20,3360.48,3390.8,3354.69,3385.51,3385.51,3431040000.0,3389.78,3050.802,False,2711.8240000000005,False,3273.6470588235293,True
2020-08-21,3386.01,3399.96,3379.31,3397.16,3397.16,3505010000.0,3397.16,3057.444,False,2717.728,False,3277.176,True
2020-08-24,3418.09,3432.09,3413.13,3431.28,3431.28,3743410000.0,3431.28,3088.152,False,2745.0240000000003,False,3281.456666666667,True
2020-08-25,3435.95,3444.21,3425.84,3443.62,3443.62,3627650000.0,3443.62,3099.258,False,2754.896,False,3285.8394594594592,True
2020-08-26,3449.97,3481.07,3444.15,3478.73,3478.73,3780530000.0,3478.73,3130.857,False,2782.9840000000004,False,3290.9155263157895,True
2020-08-27,3485.14,3501.38,3468.35,3484.55,3484.55,3955890000.0,3484.55,3136.0950000000003,False,2787.6400000000003,False,3295.8805128205126,True
2020-08-28,3494.69,3509.23,3484.32,3508.01,3508.01,3868510000.0,3508.01,3157.2090000000003,False,2806.4080000000004,False,3301.18375,True
2020-08-31,3509.73,3514.77,3493.25,3500.31,3500.31,4348280000.0,3508.01,3157.2090000000003,False,2806.4080000000004,False,3306.040487804878,True
2020-09-01,3507.44,3528.03,3494.6,3526.65,3526.65,4101490000.0,3526.65,3173.985,False,2821.32,False,3311.2930952380952,True
2020-09-02,3543.76,3588.11,3535.23,3580.84,3580.84,4295640000.0,3580.84,3222.7560000000003,False,2864.6720000000005,False,3317.561627906977,True
2020-09-03,3564.74,3564.85,3427.41,3455.06,3455.06,4911830000.0,3580.84,3222.7560000000003,False,2864.6720000000005,False,3320.6865909090907,True
2020-09-04,3453.6,3479.15,3349.63,3426.96,3426.96,4438720000.0,3580.84,3222.7560000000003,False,2864.6720000000005,False,3323.0482222222226,True
2020-09-08,3371.88,3379.97,3329.27,3331.84,3331.84,4694330000.0,3580.84,3222.7560000000003,False,2864.6720000000005,False,3323.239347826087,True
2020-09-09,3369.82,3424.77,3366.84,3398.96,3398.96,3932520000.0,3580.84,3222.7560000000003,False,2864.6720000000005,False,3324.850425531915,True
2020-09-10,3412.56,3425.55,3329.25,3339.19,3339.19,4208630000.0,3580.84,3222.7560000000003,False,2864.6720000000005,False,3325.1491666666666,True
2020-09-11,3352.7,3368.95,3310.47,3340.97,3340.97,3710090000.0,3580.84,3222.7560000000003,False,2864.6720000000005,False,3325.4720408163266,True
2020-09-14,3363.56,3402.93,3363.56,3383.54,3383.54,3839580000.0,3580.84,3222.7560000000003,False,2864.6720000000005,False,3326.6334,True
2020-09-15,3407.73,3419.48,3389.25,3401.2,3401.2,4057190000.0,3580.84,3222.7560000000003,False,2864.6720000000005,False,3328.095490196078,True
2020-09-16,3411.23,3428.92,3384.45,3385.49,3385.49,4718900000.0,3580.84,3222.7560000000003,False,2864.6720000000005,False,3329.1992307692303,True
2020-09-17,3346.86,3375.17,3328.82,3357.01,3357.01,4379840000.0,3580.84,3222.7560000000003,False,2864.6720000000005,False,3329.723962264151,True
2020-09-18,3357.38,3362.27,3292.4,3319.47,3319.47,7076400000.0,3580.84,3222.7560000000003,False,2864.6720000000005,False,3329.534074074074,False
2020-09-21,3285.57,3285.57,3229.1,3281.06,3281.06,4836070000.0,3580.84,3222.7560000000003,False,2864.6720000000005,False,3328.652727272727,False
2020-09-22,3295.75,3320.31,3270.95,3315.57,3315.57,3974510000.0,3580.84,3222.7560000000003,False,2864.6720000000005,False,3328.4191071428572,False
2020-09-23,3320.11,3323.35,3232.57,3236.92,3236.92,4378650000.0,3580.84,3222.7560000000003,False,2864.6720000000005,False,3326.813859649123,False
2020-09-24,3226.14,3278.7,3209.45,3246.59,3246.59,4601920000.0,3580.84,3222.7560000000003,False,2864.6720000000005,False,3325.4306896551725,False
2020-09-25,3236.66,3306.88,3228.44,3298.46,3298.46,3803330000.0,3580.84,3222.7560000000003,False,2864.6720000000005,False,3324.973559322034,False
2020-09-28,3333.9,3360.74,3332.91,3351.6,3351.6,3950910000.0,3580.84,3222.7560000000003,False,2864.6720000000005,False,3325.4173333333333,True
2020-09-29,3350.92,3357.92,3327.54,3335.47,3335.47,3661590000.0,3580.84,3222.7560000000003,False,2864.6720000000005,False,3325.582131147541,True
2020-09-30,3341.21,3393.56,3340.47,3363.0,3363.0,4738640000.0,3580.84,3222.7560000000003,False,2864.6720000000005,False,3326.1856451612903,True
2020-10-01,3385.87,3397.18,3361.39,3380.8,3380.8,4076340000.0,3580.84,3222.7560000000003,False,2864.6720000000005,False,3327.0525396825396,True
2020-10-02,3338.94,3369.1,3323.69,3348.42,3348.42,3975180000.0,3580.84,3222.7560000000003,False,2864.6720000000005,False,3327.38640625,True
2020-10-05,3367.27,3409.57,3367.27,3408.6,3408.6,3692720000.0,3580.84,3222.7560000000003,False,2864.6720000000005,False,3328.635846153846,True
2020-10-06,3408.74,3431.56,3354.54,3360.97,3360.97,4453390000.0,3580.84,3222.7560000000003,False,2864.6720000000005,False,3329.1257575757572,True
2020-10-07,3384.56,3426.26,3384.56,3419.44,3419.44,3814750000.0,3580.84,3222.7560000000003,False,2864.6720000000005,False,3330.4737313432834,True
2020-10-08,3434.28,3447.28,3428.15,3446.83,3446.83,3867640000.0,3580.84,3222.7560000000003,False,2864.6720000000005,False,3332.1848529411764,True
2020-10-09,3459.67,3482.34,3458.07,3477.14,3477.14,3944090000.0,3580.84,3222.7560000000003,False,2864.6720000000005,False,3334.285652173913,True
2020-10-12,3500.02,3549.85,3499.61,3534.22,3534.22,3435760000.0,3580.84,3222.7560000000003,False,2864.6720000000005,False,3337.141857142857,True
2020-10-13,3534.01,3534.01,3500.86,3511.93,3511.93,3611100000.0,3580.84,3222.7560000000003,False,2864.6720000000005,False,3339.6036619718307,True
2020-10-14,3515.47,3527.94,3480.55,3488.67,3488.67,3858510000.0,3580.84,3222.7560000000003,False,2864.6720000000005,False,3341.6740277777776,True
2020-10-15,3453.72,3489.08,3440.89,3483.34,3483.34,3724550000.0,3580.84,3222.7560000000003,False,2864.6720000000005,False,3343.6146575342464,True
2020-10-16,3493.5,3515.76,3480.45,3483.81,3483.81,4688030000.0,3580.84,3222.7560000000003,False,2864.6720000000005,False,3345.509189189189,True
2020-10-19,3493.66,3502.42,3419.93,3426.92,3426.92,4091080000.0,3580.84,3222.7560000000003,False,2864.6720000000005,False,3346.594666666667,True
2020-10-20,3439.38,3476.93,3435.65,3443.12,3443.12,3917850000.0,3580.84,3222.7560000000003,False,2864.6720000000005,False,3347.8647368421052,True
2020-10-21,3439.91,3464.86,3433.06,3435.56,3435.56,4103960000.0,3580.84,3222.7560000000003,False,2864.6720000000005,False,3349.0036363636364,True
2020-10-22,3438.5,3460.53,3415.34,3453.49,3453.49,4172060000.0,3580.84,3222.7560000000003,False,2864.6720000000005,False,3350.3432051282048,True
2020-10-23,3464.9,3466.46,3440.45,3465.39,3465.39,3651600000.0,3580.84,3222.7560000000003,False,2864.6720000000005,False,3351.7994936708856,True
2020-10-26,3441.42,3441.42,3364.86,3400.97,3400.97,4002210000.0,3580.84,3222.7560000000003,False,2864.6720000000005,False,3352.4141250000002,True
2020-10-27,3403.15,3409.51,3388.71,3390.68,3390.68,3962400000.0,3580.84,3222.7560000000003,False,2864.6720000000005,False,3352.8865432098764,True
2020-10-28,3342.48,3342.48,3268.89,3271.03,3271.03,5139970000.0,3580.84,3222.7560000000003,False,2864.6720000000005,False,3351.888292682927,False
2020-10-29,3277.17,3341.05,3259.82,3310.11,3310.11,4911860000.0,3580.84,3222.7560000000003,False,2864.6720000000005,False,3351.384939759036,False
2020-10-30,3293.59,3304.93,3233.94,3269.96,3269.96,4843930000.0,3580.84,3222.7560000000003,False,2864.6720000000005,False,3350.4155952380947,False
2020-11-02,3296.2,3330.14,3279.74,3310.24,3310.24,4314690000.0,3580.84,3222.7560000000003,False,2864.6720000000005,False,3349.942941176471,False
2020-11-03,3336.25,3389.49,3336.25,3369.16,3369.16,4241380000.0,3580.84,3222.7560000000003,False,2864.6720000000005,False,3350.1663953488373,True
2020-11-04,3406.46,3486.25,3405.17,3443.44,3443.44,4790400000.0,3580.84,3222.7560000000003,False,2864.6720000000005,False,3351.2385057471265,True
2020-11-05,3485.74,3529.05,3485.74,3510.45,3510.45,4858150000.0,3580.84,3222.7560000000003,False,2864.6720000000005,False,3353.0477272727276,True
2020-11-06,3508.34,3521.58,3484.34,3509.44,3509.44,4842460000.0,3580.84,3222.7560000000003,False,2864.6720000000005,False,3354.8049438202247,True
2020-11-09,3583.04,3645.99,3547.48,3550.5,3550.5,8570510000.0,3580.84,3222.7560000000003,False,2864.6720000000005,False,3356.9793333333337,True
2020-11-10,3543.26,3557.22,3511.91,3545.53,3545.53,6037470000.0,3580.84,3222.7560000000003,False,2864.6720000000005,False,3359.0513186813187,True
2020-11-11,3563.22,3581.16,3557.0,3572.66,3572.66,4635560000.0,3580.84,3222.7560000000003,False,2864.6720000000005,False,3361.3731521739132,True
2020-11-12,3562.67,3569.02,3518.58,3537.01,3537.01,4909660000.0,3580.84,3222.7560000000003,False,2864.6720000000005,False,3363.2617204301077,True
2020-11-13,3552.57,3593.66,3552.57,3585.15,3585.15,4719580000.0,3585.15,3226.635,False,2868.1200000000003,False,3365.622234042553,True
2020-11-16,3600.16,3628.51,3600.16,3626.91,3626.91,5295510000.0,3626.91,3264.219,False,2901.5280000000002,False,3368.3726315789477,True
2020-11-17,3610.31,3623.11,3588.68,3609.53,3609.53,4812180000.0,3626.91,3264.219,False,2901.5280000000002,False,3370.8846875,True
2020-11-18,3612.09,3619.09,3567.33,3567.79,3567.79,5284810000.0,3626.91,3264.219,False,2901.5280000000002,False,3372.9146391752574,True
2020-11-19,3559.41,3585.22,3543.84,3581.87,3581.87,4363370000.0,3626.91,3264.219,False,2901.5280000000002,False,3375.0468367346944,True
2020-11-20,3579.31,3581.23,3556.85,3557.54,3557.54,4236370000.0,3626.91,3264.219,False,2901.5280000000002,False,3376.890202020202,True
2020-11-23,3566.82,3589.81,3552.77,3577.59,3577.59,5057550000.0,3626.91,3264.219,False,2901.5280000000002,False,3378.8972,True
2020-11-24,3594.52,3642.31,3594.52,3635.41,3635.41,6280290000.0,3635.41,3271.869,False,2908.328,False,3381.4369306930694,True
2020-11-25,3635.5,3635.5,3617.76,3629.65,3629.65,4910440000.0,3635.41,3271.869,False,2908.328,False,3383.870392156863,True
2020-11-27,3638.55,3644.31,3629.33,3638.35,3638.35,2778390000.0,3638.35,3274.515,False,2910.6800000000003,False,3386.341067961165,True
2020-11-30,3634.18,3634.18,3594.39,3621.63,3621.63,6308410000.0,3638.35,3274.515,False,2910.6800000000003,False,3388.6034615384615,True
2020-12-01,3645.87,3678.45,3645.87,3662.45,3662.45,5418480000.0,3662.45,3296.205,False,2929.96,False,3391.211523809524,True
2020-12-02,3653.78,3670.96,3644.84,3669.01,3669.01,5041250000.0,3669.01,3302.1090000000004,False,2935.2080000000005,False,3393.832264150943,True
2020-12-03,3668.28,3682.73,3657.17,3666.72,3666.72,5065340000.0,3669.01,3302.1090000000004,False,2935.2080000000005,False,3396.38261682243,True
2020-12-04,3670.94,3699.2,3670.94,3699.12,3699.12,5099620000.0,3699.12,3329.208,False,2959.2960000000003,False,3399.1857407407406,True
2020-12-07,3694.73,3697.41,3678.88,3691.96,3691.96,4804500000.0,3699.12,3329.208,False,2959.2960000000003,False,3401.8717431192663,True
2020-12-08,3683.05,3708.45,3678.83,3702.25,3702.25,4584390000.0,3702.25,3332.025,False,2961.8,False,3404.6024545454547,True
2020-12-09,3705.98,3712.39,3660.54,3672.82,3672.82,5232800000.0,3702.25,3332.025,False,2961.8,False,3407.018828828829,True
2020-12-10,3659.13,3678.49,3645.18,3668.1,3668.1,4658480000.0,3702.25,3332.025,False,2961.8,False,3409.3499107142857,True
2020-12-11,3656.08,3665.91,3633.4,3663.46,3663.46,4375470000.0,3702.25,3332.025,False,2961.8,False,3411.598672566372,True
2020-12-14,3675.27,3697.61,3645.84,3647.49,3647.49,4623850000.0,3702.25,3332.025,False,2961.8,False,3413.6678947368423,True
2020-12-15,3666.41,3695.29,3659.62,3694.62,3694.62,4387080000.0,3702.25,3332.025,False,2961.8,False,3416.1109565217394,True
2020-12-16,3696.25,3711.27,3688.57,3701.17,3701.17,4067040000.0,3702.25,3332.025,False,2961.8,False,3418.5683620689656,True
2020-12-17,3713.65,3725.12,3710.87,3722.48,3722.48,4192810000.0,3722.48,3350.232,False,2977.9840000000004,False,3421.165897435897,True
2020-12-18,3722.39,3726.7,3685.84,3709.41,3709.41,7097100000.0,3722.48,3350.232,False,2977.9840000000004,False,3423.608644067797,True
2020-12-21,3684.28,3702.9,3636.48,3694.92,3694.92,4748580000.0,3722.48,3350.232,False,2977.9840000000004,False,3425.888571428571,True
2020-12-22,3698.08,3698.26,3676.16,3687.26,3687.26,4053310000.0,3722.48,3350.232,False,2977.9840000000004,False,3428.0666666666666,True
2020-12-23,3693.42,3711.24,3689.28,3690.01,3690.01,3779160000.0,3722.48,3350.232,False,2977.9840000000004,False,3430.231487603306,True
2020-12-24,3694.03,3703.82,3689.32,3703.06,3703.06,1883780000.0,3722.48,3350.232,False,2977.9840000000004,False,3432.467786885246,True
2020-12-28,3723.03,3740.51,3723.03,3735.36,3735.36,3535460000.0,3735.36,3361.824,False,2988.2880000000005,False,3434.930325203252,True
2020-12-29,3750.01,3756.12,3723.31,3727.04,3727.04,3393290000.0,3735.36,3361.824,False,2988.2880000000005,False,3437.2860483870963,True
2020-12-30,3736.19,3744.63,3730.21,3732.04,3732.04,3154850000.0,3735.36,3361.824,False,2988.2880000000005,False,3439.64408,True
2020-12-31,3733.27,3760.2,3726.88,3756.07,3756.07,3179040000.0,3756.07,3380.463,False,3004.856,False,3442.155396825397,True
2021-01-04,3764.61,3769.99,3662.71,3700.65,3700.65,5015000000.0,3756.07,3380.463,False,3004.856,False,3444.1907874015747,True
2021-01-05,3698.02,3737.83,3695.07,3726.86,3726.86,4591020000.0,3756.07,3380.463,False,3004.856,False,3446.399140625,True
2021-01-06,3712.2,3783.04,3705.34,3748.14,3748.14,6064110000.0,3756.07,3380.463,False,3004.856,False,3448.7382170542633,True
2021-01-07,3764.71,3811.55,3764.71,3803.79,3803.79,5099160000.0,3803.79,3423.411,False,3043.032,False,3451.4693846153846,True
2021-01-08,3815.05,3826.69,3783.6,3824.68,3824.68,4773040000.0,3824.68,3442.212,False,3059.744,False,3454.318320610687,True
2021-01-11,3803.14,3817.86,3789.02,3799.61,3799.61,4465430000.0,3824.68,3442.212,False,3059.744,False,3456.9341666666664,True
2021-01-12,3801.62,3810.78,3776.51,3801.19,3801.19,4994950000.0,3824.68,3442.212,False,3059.744,False,3459.5225563909776,True
2021-01-13,3802.23,3820.96,3791.5,3809.84,3809.84,4602510000.0,3824.68,3442.212,False,3059.744,False,3462.1368656716418,True
2021-01-14,3814.98,3823.6,3792.86,3795.54,3795.54,5198480000.0,3824.68,3442.212,False,3059.744,False,3464.6065185185184,True
2021-01-15,3788.73,3788.73,3749.62,3768.25,3768.25,5369820000.0,3824.68,3442.212,False,3059.744,False,3466.8391911764706,True
2021-01-19,3781.88,3804.53,3780.37,3798.91,3798.91,5014440000.0,3824.68,3442.212,False,3059.744,False,3469.2630656934307,True
2021-01-20,3816.22,3859.75,3816.22,3851.85,3851.85,4566190000.0,3851.85,3466.665,False,3081.48,False,3472.0354347826087,True
2021-01-21,3857.46,3861.45,3845.05,3853.07,3853.07,4501760000.0,3853.07,3467.7630000000004,False,3082.456,False,3474.776690647482,True
2021-01-22,3844.24,3852.31,3830.41,3841.47,3841.47,5110890000.0,3853.07,3467.7630000000004,False,3082.456,False,3479.537482014389,True
2021-01-25,3851.68,3859.23,3797.16,3855.36,3855.36,7000840000.0,3855.36,3469.824,False,3084.2880000000005,False,3489.3705109489047,True
2021-01-26,3862.96,3870.9,3847.78,3849.62,3849.62,6137500000.0,3855.36,3469.824,False,3084.2880000000005,False,3494.2214598540145,True
2021-01-27,3836.83,3836.83,3732.48,3750.77,3750.77,9976520000.0,3855.36,3469.824,False,3084.2880000000005,False,3496.080507246377,True
2021-01-28,3755.75,3830.5,3755.75,3787.38,3787.38,6992770000.0,3855.36,3469.824,False,3084.2880000000005,False,3498.1761870503597,True
2021-01-29,3778.05,3778.05,3694.12,3714.24,3714.24,6643370000.0,3855.36,3469.824,False,3084.2880000000005,False,3502.1979136690647,True
2021-02-01,3731.17,3784.32,3725.62,3773.86,3773.86,5436230000.0,3855.36,3469.824,False,3084.2880000000005,False,3510.5089051094888,True
2021-02-02,3791.84,3843.09,3791.84,3826.31,3826.31,5514090000.0,3855.36,3469.824,False,3084.2880000000005,False,3514.9,True
2021-02-03,3840.27,3847.51,3816.68,3830.17,3830.17,4864870000.0,3855.36,3469.824,False,3084.2880000000005,False,3517.1845652173915,True
2021-02-04,3836.66,3872.42,3836.66,3871.74,3871.74,4879240000.0,3871.74,3484.566,False,3097.392,False,3519.7353237410075,True
2021-02-05,3878.3,3894.56,3874.93,3886.83,3886.83,4879470000.0,3886.83,3498.147,False,3109.464,False,3524.303597122302,True
2021-02-08,3892.59,3915.77,3892.59,3915.59,3915.59,4648360000.0,3915.59,3524.0310000000004,False,3132.472,False,3533.027810218978,True
2021-02-09,3910.49,3918.35,3902.64,3911.23,3911.23,4568320000.0,3915.59,3524.0310000000004,False,3132.472,False,3538.105182481752,True
2021-02-10,3920.78,3931.5,3884.94,3909.88,3909.88,4837070000.0,3915.59,3524.0310000000004,False,3132.472,False,3540.7992028985504,True
2021-02-11,3916.4,3925.99,3890.39,3916.38,3916.38,4590960000.0,3916.38,3524.742,False,3133.1040000000003,False,3543.5012230215825,True
2021-02-12,3911.65,3937.23,3905.78,3934.83,3934.83,4135060000.0,3934.83,3541.347,False,3147.864,False,3548.504244604316,True
2021-02-16,3939.61,3950.43,3923.85,3932.59,3932.59,5058990000.0,3934.83,3541.347,False,3147.864,False,3560.150441176471,True
2021-02-17,3918.5,3933.61,3900.43,3931.33,3931.33,4730650000.0,3934.83,3541.347,False,3147.864,False,3562.8597810218976,True
2021-02-18,3915.86,3921.98,3885.03,3913.97,3913.97,4793650000.0,3934.83,3541.347,False,3147.864,False,3565.4040579710145,True
2021-02-19,3921.16,3930.41,3903.07,3906.71,3906.71,4845320000.0,3934.83,3541.347,False,3147.864,False,3569.8395652173913,True
2021-02-22,3885.55,3902.92,3874.71,3876.5,3876.5,5917100000.0,3934.83,3541.347,False,3147.864,False,3577.4332352941174,True
2021-02-23,3857.07,3895.98,3805.59,3881.37,3881.37,6296610000.0,3934.83,3541.347,False,3147.864,False,3581.330955882353,True
2021-02-24,3873.71,3928.65,3859.6,3925.43,3925.43,6012790000.0,3934.83,3541.347,False,3147.864,False,3583.8426277372264,True
2021-02-25,3915.8,3925.02,3814.04,3829.34,3829.34,6547470000.0,3934.83,3541.347,False,3147.864,False,3585.6215942028985,True
2021-02-26,3839.66,3861.08,3789.54,3811.15,3811.15,6526070000.0,3934.83,3541.347,False,3147.864,False,3588.887391304348,True
2021-03-01,3842.51,3914.5,3842.51,3901.82,3901.82,5114820000.0,3934.83,3541.347,False,3147.864,False,3596.1824264705883,True
2021-03-02,3903.64,3906.41,3868.57,3870.29,3870.29,5536010000.0,3934.83,3541.347,False,3147.864,False,3599.8400735294117,True
2021-03-03,3863.99,3874.47,3818.86,3819.72,3819.72,6173660000.0,3934.83,3541.347,False,3147.864,False,3601.4450364963504,True
2021-03-04,3818.53,3843.67,3723.34,3768.47,3768.47,7195400000.0,3934.83,3541.347,False,3147.864,False,3602.6553623188406,True
2021-03-05,3793.58,3851.69,3730.19,3841.94,3841.94,6851070000.0,3934.83,3541.347,False,3147.864,False,3605.9883333333332,True
2021-03-08,3844.39,3881.06,3819.25,3821.35,3821.35,5871710000.0,3934.83,3541.347,False,3147.864,False,3612.4823529411765,True
2021-03-09,3851.93,3903.76,3851.93,3875.44,3875.44,5513560000.0,3934.83,3541.347,False,3147.864,False,3615.999117647059,True
2021-03-10,3891.99,3917.35,3885.73,3898.81,3898.81,5847380000.0,3934.83,3541.347,False,3147.864,False,3618.0634306569345,True
2021-03-11,3915.54,3960.27,3915.54,3939.34,3939.34,5312880000.0,3939.34,3545.4060000000004,False,3151.472,False,3620.3915217391304,True
2021-03-12,3924.52,3944.99,3915.21,3943.34,3943.34,4476280000.0,3943.34,3549.0060000000003,False,3154.6720000000005,False,3624.1021014492753,True
2021-03-15,3942.96,3970.08,3923.54,3968.94,3968.94,4900100000.0,3968.94,3572.0460000000003,False,3175.152,False,3630.0597794117643,True
2021-03-16,3973.59,3981.04,3953.44,3962.71,3962.71,4613080000.0,3968.94,3572.0460000000003,False,3175.152,False,3633.403161764706,True
2021-03-17,3949.57,3983.87,3935.74,3974.12,3974.12,4561660000.0,3974.12,3576.708,False,3179.2960000000003,False,3635.8901459854014,True
2021-03-18,3953.5,3969.62,3910.86,3915.46,3915.46,5118590000.0,3974.12,3576.708,False,3179.2960000000003,False,3637.9160144927537,True
2021-03-19,3913.14,3930.12,3886.75,3913.1,3913.1,7757420000.0,3974.12,3576.708,False,3179.2960000000003,False,3640.9072463768116,True
2021-03-22,3916.48,3955.31,3914.16,3940.59,3940.59,4316260000.0,3974.12,3576.708,False,3179.2960000000003,False,3645.7591176470587,True
2021-03-23,3937.6,3949.13,3901.57,3910.52,3910.52,4669010000.0,3974.12,3576.708,False,3179.2960000000003,False,3649.314705882353,True
2021-03-24,3919.93,3942.08,3889.07,3889.14,3889.14,4783020000.0,3974.12,3576.708,False,3179.2960000000003,False,3651.0652554744524,True
2021-03-25,3879.34,3919.54,3853.5,3909.52,3909.52,4948340000.0,3974.12,3576.708,False,3179.2960000000003,False,3652.938115942029,True
2021-03-26,3917.12,3978.19,3917.12,3974.54,3974.54,5483160000.0,3974.54,3577.0860000000002,False,3179.632,False,3655.251798561151,True
2021-03-29,3969.31,3981.83,3943.25,3971.09,3971.09,4628180000.0,3974.54,3577.0860000000002,False,3179.632,False,3664.0956204379563,True
2021-03-30,3963.34,3968.01,3944.35,3958.55,3958.55,4121510000.0,3974.54,3577.0860000000002,False,3179.632,False,3668.603503649635,True
2021-03-31,3967.25,3994.41,3966.98,3972.89,3972.89,4578050000.0,3974.54,3577.0860000000002,False,3179.632,False,3670.80847826087,True
2021-04-01,3992.78,4020.63,3992.78,4019.87,4019.87,4162130000.0,4019.87,3617.883,False,3215.896,False,3673.319712230216,True
2021-04-05,4034.44,4083.42,4034.44,4077.91,4077.91,4005030000.0,4077.91,3670.119,False,3262.328,False,3684.868455882353,True
2021-04-06,4075.57,4086.23,4068.14,4073.94,4073.94,4081270000.0,4077.91,3670.119,False,3262.328,False,3690.4160294117646,True
2021-04-07,4074.29,4083.13,4068.31,4079.95,4079.95,4120810000.0,4079.95,3671.955,False,3263.96,False,3693.2593430656934,True
2021-04-08,4089.95,4098.19,4082.54,4097.17,4097.17,3907100000.0,4097.17,3687.453,False,3277.7360000000003,False,3696.1862318840576,True
2021-04-09,4096.11,4129.48,4095.51,4128.8,4128.8,3640390000.0,4128.8,3715.92,False,3303.0400000000004,False,3702.3292753623186,True
2021-04-12,4124.71,4131.76,4114.82,4127.99,4127.99,3588900000.0,4128.8,3715.92,False,3303.0400000000004,False,3715.076102941177,True
2021-04-13,4130.1,4148.0,4124.43,4141.59,4141.59,3734720000.0,4141.59,3727.431,False,3313.2720000000004,False,3721.275588235294,True
2021-04-14,4141.58,4151.69,4120.87,4124.66,4124.66,3985350000.0,4141.59,3727.431,False,3313.2720000000004,False,3724.2200000000003,True
2021-04-15,4139.76,4173.49,4139.76,4170.42,4170.42,4033420000.0,4170.42,3753.378,False,3336.3360000000002,False,3727.4533333333334,True
2021-04-16,4174.14,4191.31,4170.75,4185.47,4185.47,4163820000.0,4185.47,3766.9230000000002,False,3348.376,False,3733.495869565217,True
2021-04-19,4179.8,4180.81,4150.47,4163.26,4163.26,3810290000.0,4185.47,3766.9230000000002,False,3348.376,False,3744.900147058823,True
2021-04-20,4159.18,4159.18,4118.38,4134.94,4134.94,4342650000.0,4185.47,3766.9230000000002,False,3348.376,False,3750.6833823529414,True
2021-04-21,4128.42,4175.02,4126.35,4173.42,4173.42,3887250000.0,4185.47,3766.9230000000002,False,3348.376,False,3753.769051094891,True
2021-04-22,4170.46,4179.57,4123.69,4134.98,4134.98,4245140000.0,4185.47,3766.9230000000002,False,3348.376,False,3756.5314492753623,True
2021-04-23,4138.78,4194.17,4138.78,4180.17,4180.17,3569880000.0,4185.47,3766.9230000000002,False,3348.376,False,3762.1225362318837,True
2021-04-26,4185.03,4194.19,4182.36,4187.62,4187.62,3748320000.0,4187.62,3768.858,False,3350.096,False,3773.0388970588233,True
2021-04-27,4188.25,4193.35,4176.22,4186.72,4186.72,3710700000.0,4187.62,3768.858,False,3350.096,False,3778.2563970588235,True
2021-04-28,4185.14,4201.53,4181.78,4183.18,4183.18,3787360000.0,4187.62,3768.858,False,3350.096,False,3781.2120437956205,True
2021-04-29,4206.14,4218.78,4176.81,4211.47,4211.47,4298680000.0,4211.47,3790.3230000000003,False,3369.1760000000004,False,3784.3298550724635,True
2021-04-30,4198.1,4198.1,4174.85,4181.17,4181.17,4300880000.0,4211.47,3790.3230000000003,False,3369.1760000000004,False,3789.017898550725,True
2021-05-03,4191.98,4209.39,4188.03,4192.66,4192.66,4070220000.0,4211.47,3790.3230000000003,False,3369.1760000000004,False,3798.479338235294,True
2021-05-04,4179.04,4179.04,4128.59,4164.66,4164.66,4452460000.0,4211.47,3790.3230000000003,False,3369.1760000000004,False,3803.485588235294,True
2021-05-05,4177.06,4187.72,4160.94,4167.59,4167.59,4230920000.0,4211.47,3790.3230000000003,False,3369.1760000000004,False,3806.143284671533,True
2021-05-06,4169.14,4202.7,4147.33,4201.62,4201.62,4511000000.0,4211.47,3790.3230000000003,False,3369.1760000000004,False,3809.0090579710145,True
2021-05-07,4210.34,4238.04,4201.64,4232.6,4232.6,4016080000.0,4232.6,3809.3400000000006,False,3386.0800000000004,False,3814.84731884058,True
2021-05-10,4228.29,4236.39,4188.13,4188.43,4188.43,4560700000.0,4232.6,3809.3400000000006,False,3386.0800000000004,False,3825.773455882353,True
2021-05-11,4150.34,4162.04,4111.53,4152.1,4152.1,4870710000.0,4232.6,3809.3400000000006,False,3386.0800000000004,False,3830.8227941176474,True
2021-05-12,4130.55,4134.73,4056.88,4063.04,4063.04,4733070000.0,4232.6,3809.3400000000006,False,3386.0800000000004,False,3832.5178102189784,True
2021-05-13,4074.99,4131.58,4074.99,4112.5,4112.5,4779540000.0,4232.6,3809.3400000000006,False,3386.0800000000004,False,3834.546666666667,True
2021-05-14,4129.58,4183.13,4129.58,4173.85,4173.85,4008880000.0,4232.6,3809.3400000000006,False,3386.0800000000004,False,3840.1472463768123,True
2021-05-17,4169.92,4171.92,4142.69,4163.29,4163.29,4125050000.0,4232.6,3809.3400000000006,False,3386.0800000000004,False,3853.910220588235,True
2021-05-18,4165.94,4169.15,4125.99,4127.83,4127.83,4398150000.0,4232.6,3809.3400000000006,False,3386.0800000000004,False,3860.2180882352945,True
2021-05-19,4098.45,4116.93,4061.41,4115.68,4115.68,4247450000.0,4232.6,3809.3400000000006,False,3386.0800000000004,False,3862.082773722628,True
2021-05-20,4121.97,4172.8,4121.97,4159.12,4159.12,3978880000.0,4232.6,3809.3400000000006,False,3386.0800000000004,False,3864.235217391305,True
2021-05-21,4168.61,4188.72,4151.72,4155.86,4155.86,3995250000.0,4232.6,3809.3400000000006,False,3386.0800000000004,False,3870.3628985507253,True
2021-05-24,4170.16,4209.52,4170.16,4197.05,4197.05,3684800000.0,4232.6,3809.3400000000006,False,3386.0800000000004,False,3882.2358823529407,True
2021-05-25,4205.94,4213.42,4182.52,4188.13,4188.13,4182250000.0,4232.6,3809.3400000000006,False,3386.0800000000004,False,3887.22625,True
2021-05-26,4191.59,4202.61,4184.11,4195.99,4195.99,4420890000.0,4232.6,3809.3400000000006,False,3386.0800000000004,False,3889.48,True
2021-05-27,4201.94,4213.38,4197.78,4200.88,4200.88,6406310000.0,4232.6,3809.3400000000006,False,3386.0800000000004,False,3891.7365217391307,True
2021-05-28,4210.77,4218.36,4203.57,4204.11,4204.11,4649250000.0,4232.6,3809.3400000000006,False,3386.0800000000004,False,3896.4728260869565,True
2021-06-01,4216.52,4234.12,4197.59,4202.04,4202.04,5074670000.0,4232.6,3809.3400000000006,False,3386.0800000000004,False,3908.7032592592595,True
2021-06-02,4206.82,4217.37,4198.27,4208.12,4208.12,5833670000.0,4232.6,3809.3400000000006,False,3386.0800000000004,False,3910.904852941177,True
2021-06-03,4191.43,4204.39,4167.93,4192.85,4192.85,5587970000.0,4232.6,3809.3400000000006,False,3386.0800000000004,False,3912.962846715329,True
2021-06-04,4206.05,4233.45,4206.05,4229.89,4229.89,4139790000.0,4232.6,3809.3400000000006,False,3386.0800000000004,False,3917.3641605839416,True
2021-06-07,4229.34,4232.34,4215.66,4226.52,4226.52,4476920000.0,4232.6,3809.3400000000006,False,3386.0800000000004,False,3927.0090370370376,True
2021-06-08,4233.81,4236.74,4208.41,4227.26,4227.26,4659620000.0,4232.6,3809.3400000000006,False,3386.0800000000004,False,3931.9699259259255,True
2021-06-09,4232.99,4237.09,4218.74,4219.55,4219.55,4713260000.0,4232.6,3809.3400000000006,False,3386.0800000000004,False,3934.0844852941177,True
2021-06-10,4228.56,4249.74,4220.34,4239.18,4239.18,4408210000.0,4239.18,3815.262,False,3391.3440000000005,False,3936.311459854015,True
2021-06-11,4242.9,4248.38,4232.25,4247.44,4247.44,3815010000.0,4247.44,3822.696,False,3397.9519999999998,False,3941.2008759124087,True
2021-06-14,4248.31,4255.59,4234.07,4255.15,4255.15,4151200000.0,4255.15,3829.6349999999998,False,3404.12,False,3948.0486029411763,True
2021-06-15,4255.28,4257.16,4238.35,4246.59,4246.59,4048940000.0,4255.15,3829.6349999999998,False,3404.12,False,3952.5209558823526,True
2021-06-16,4248.87,4251.89,4202.45,4223.7,4223.7,4538350000.0,4255.15,3829.6349999999998,False,3404.12,False,3954.500364963504,True
2021-06-17,4220.37,4232.29,4196.05,4221.86,4221.86,5312680000.0,4255.15,3829.6349999999998,False,3404.12,False,3956.4377536231887,True
2021-06-18,4204.78,4204.78,4164.4,4166.45,4166.45,6817010000.0,4255.15,3829.6349999999998,False,3404.12,False,3960.385724637681,True
2021-06-21,4173.4,4226.24,4173.4,4224.79,4224.79,4128950000.0,4255.15,3829.6349999999998,False,3404.12,False,3968.822352941177,True
2021-06-22,4224.61,4255.84,4217.27,4246.44,4246.44,3828390000.0,4255.15,3829.6349999999998,False,3404.12,False,3972.846764705882,True
2021-06-23,4249.27,4256.6,4241.43,4241.84,4241.84,3730350000.0,4255.15,3829.6349999999998,False,3404.12,False,3974.810218978102,True
2021-06-24,4256.97,4271.28,4256.97,4266.49,4266.49,3816660000.0,4266.49,3839.841,False,3413.192,False,3976.92384057971,True
2021-06-25,4274.45,4286.12,4271.16,4280.7,4280.7,7341450000.0,4280.7,3852.63,False,3424.56,False,3981.190072463768,True
2021-06-28,4284.9,4292.14,4274.67,4290.61,4290.61,4147890000.0,4290.61,3861.549,False,3432.488,False,3990.0858088235295,True
2021-06-29,4293.21,4300.52,4287.04,4291.8,4291.8,3707150000.0,4291.8,3862.6200000000003,False,3433.4400000000005,False,3994.705955882353,True
2021-06-30,4290.65,4302.43,4287.96,4297.5,4297.5,4266040000.0,4297.5,3867.75,False,3438.0,False,3996.9161313868613,True
2021-07-01,4300.73,4320.66,4300.73,4319.94,4319.94,3788230000.0,4319.94,3887.946,False,3455.9519999999998,False,3999.2568840579706,True
2021-07-02,4326.6,4355.43,4326.6,4352.34,4352.34,3225840000.0,4352.34,3917.106,False,3481.8720000000003,False,4004.3644927536225,True
2021-07-06,4356.46,4356.46,4314.37,4343.54,4343.54,4309570000.0,4352.34,3917.106,False,3481.8720000000003,False,4015.6900740740743,True
2021-07-07,4351.01,4361.88,4329.79,4358.13,4358.13,4037380000.0,4358.13,3922.317,False,3486.5040000000004,False,4018.2080147058828,True
2021-07-08,4321.07,4330.88,4289.37,4320.82,4320.82,4347500000.0,4358.13,3922.317,False,3486.5040000000004,False,4020.4168613138695,True
2021-07-09,4329.38,4371.6,4329.38,4369.55,4369.55,3531120000.0,4369.55,3932.5950000000003,False,3495.6400000000003,False,4025.3411678832117,True
2021-07-12,4372.41,4386.68,4364.03,4384.63,4384.63,3384460000.0,4384.63,3946.1670000000004,False,3507.704,False,4035.3780740740744,True
2021-07-13,4381.07,4392.37,4366.92,4369.21,4369.21,3695430000.0,4384.63,3946.1670000000004,False,3507.704,False,4037.832720588235,True
2021-07-14,4380.11,4393.68,4362.36,4374.3,4374.3,4006370000.0,4384.63,3946.1670000000004,False,3507.704,False,4040.2886861313873,True
2021-07-15,4369.02,4369.02,4340.7,4360.03,4360.03,3905230000.0,4384.63,3946.1670000000004,False,3507.704,False,4042.6056521739138,True
2021-07-16,4367.43,4375.09,4322.53,4327.16,4327.16,3985700000.0,4384.63,3946.1670000000004,False,3507.704,False,4046.8940579710147,True
2021-07-19,4296.4,4296.4,4233.13,4258.49,4258.49,5157660000.0,4384.63,3946.1670000000004,False,3507.704,False,4055.2552941176477,True
2021-07-20,4265.11,4336.84,4262.05,4323.06,4323.06,4438270000.0,4384.63,3946.1670000000004,False,3507.704,False,4057.210072992701,True
2021-07-21,4331.13,4359.7,4331.13,4358.69,4358.69,3810280000.0,4384.63,3946.1670000000004,False,3507.704,False,4059.394710144928,True
2021-07-22,4361.27,4369.87,4350.06,4367.48,4367.48,3358300000.0,4384.63,3946.1670000000004,False,3507.704,False,4061.611151079137,True
2021-07-23,4381.2,4415.18,4381.2,4411.79,4411.79,4540070000.0,4411.79,3970.611,False,3529.4320000000002,False,4066.72726618705,True
2021-07-26,4409.58,4422.73,4405.45,4422.3,4422.3,4275630000.0,4422.3,3980.07,False,3537.84,False,4076.0481751824814,True
2021-07-27,4416.38,4416.38,4372.51,4401.46,4401.46,4241950000.0,4422.3,3980.07,False,3537.84,False,4080.2582481751824,True
2021-07-28,4402.95,4415.47,4387.01,4400.64,4400.64,4215290000.0,4422.3,3980.07,False,3537.84,False,4082.579855072464,True
2021-07-29,4403.59,4429.97,4403.59,4419.15,4419.15,4044600000.0,4422.3,3980.07,False,3537.84,False,4085.001223021583,True
2021-07-30,4395.12,4412.25,4389.65,4395.26,4395.26,3956740000.0,4422.3,3980.07,False,3537.84,False,4089.2864748201437,True
2021-08-02,4406.86,4422.18,4384.81,4387.16,4387.16,3724090000.0,4422.3,3980.07,False,3537.84,False,4097.747518248176,True
2021-08-03,4392.74,4423.79,4373.0,4423.15,4423.15,3965190000.0,4423.15,3980.8349999999996,False,3538.52,False,4102.527810218978,True
2021-08-04,4415.95,4416.17,4400.23,4402.66,4402.66,4260760000.0,4423.15,3980.8349999999996,False,3538.52,False,4104.7026811594205,True
2021-08-05,4408.86,4429.76,4408.86,4429.1,4429.1,3769410000.0,4429.1,3986.1900000000005,False,3543.2800000000007,False,4107.036474820144,True
2021-08-06,4429.07,4440.82,4429.07,4436.52,4436.52,3451870000.0,4436.52,3992.8680000000004,False,3549.2160000000003,False,4109.389928571429,True
2021-08-09,4437.77,4439.39,4424.74,4432.35,4432.35,3449280000.0,4436.52,3992.8680000000004,False,3549.2160000000003,False,4117.703695652174,True
2021-08-10,4435.79,4445.21,4430.03,4436.75,4436.75,3886610000.0,4436.75,3993.0750000000003,False,3549.4,False,4122.017318840579,True
2021-08-11,4442.18,4449.44,4436.42,4442.41,4442.41,3532560000.0,4442.41,3998.169,False,3553.928,False,4124.322302158273,True
2021-08-12,4446.08,4461.77,4435.96,4460.83,4460.83,3375310000.0,4460.83,4014.747,False,3568.664,False,4126.725928571429,True
2021-08-13,4464.84,4468.37,4460.82,4468.0,4468.0,3016470000.0,4468.0,4021.2000000000003,False,3574.4,False,4131.101928571428,True
2021-08-16,4461.65,4480.26,4437.66,4479.71,4479.71,3370640000.0,4479.71,4031.739,False,3583.768,False,4140.914565217391,True
2021-08-17,4462.12,4462.12,4417.83,4448.08,4448.08,3836960000.0,4479.71,4031.739,False,3583.768,False,4146.232246376811,True
2021-08-18,4440.94,4454.32,4397.59,4400.27,4400.27,3755590000.0,4479.71,4031.739,False,3583.768,False,4148.059856115107,True
2021-08-19,4382.44,4418.61,4367.73,4405.8,4405.8,4398410000.0,4479.71,4031.739,False,3583.768,False,4149.900857142857,True
2021-08-20,4410.56,4444.35,4406.8,4441.67,4441.67,3652610000.0,4479.71,4031.739,False,3583.768,False,4154.670928571428,True
2021-08-23,4450.29,4489.88,4450.29,4479.53,4479.53,3576530000.0,4479.71,4031.739,False,3583.768,False,4163.8060869565215,True
2021-08-24,4484.4,4492.81,4482.28,4486.23,4486.23,3979220000.0,4486.23,4037.6069999999995,False,3588.984,False,4168.149565217392,True
2021-08-25,4490.45,4501.71,4485.66,4496.19,4496.19,3444700000.0,4496.19,4046.571,False,3596.9519999999998,False,4170.509568345325,True
2021-08-26,4493.75,4495.9,4468.99,4470.0,4470.0,3263980000.0,4496.19,4046.571,False,3596.9519999999998,False,4172.6487857142865,True
2021-08-27,4474.1,4513.33,4474.1,4509.37,4509.37,3331200000.0,4509.37,4058.433,False,3607.496,False,4176.890071428571,True
2021-08-30,4513.76,4537.36,4513.76,4528.79,4528.79,3168660000.0,4528.79,4075.911,False,3623.032,False,4185.187753623188,True
2021-08-31,4529.75,4531.39,4515.8,4522.68,4522.68,4290710000.0,4528.79,4075.911,False,3623.032,False,4189.447536231884,True
2021-09-01,4528.8,4537.11,4522.02,4524.09,4524.09,4057340000.0,4528.79,4075.911,False,3623.032,False,4191.855035971223,True
2021-09-02,4534.48,4545.85,4524.66,4536.95,4536.95,3735990000.0,4536.95,4083.255,False,3629.56,False,4194.320000000001,True
2021-09-03,4532.42,4541.45,4521.3,4535.43,4535.43,3217530000.0,4536.95,4083.255,False,3629.56,False,4196.739219858156,True
2021-09-07,4535.38,4535.38,4513.0,4520.03,4520.03,3822960000.0,4536.95,4083.255,False,3629.56,False,4207.070000000001,True
2021-09-08,4518.09,4521.79,4493.95,4514.07,4514.07,3750880000.0,4536.95,4083.255,False,3629.56,False,4209.278633093525,True
2021-09-09,4513.02,4529.9,4492.07,4493.28,4493.28,3735390000.0,4536.95,4083.255,False,3629.56,False,4211.3072142857145,True
2021-09-10,4506.92,4520.47,4457.66,4458.58,4458.58,3623180000.0,4536.95,4083.255,False,3629.56,False,4215.4649285714295,True
2021-09-13,4474.81,4492.99,4445.7,4468.73,4468.73,3914220000.0,4536.95,4083.255,False,3629.56,False,4224.620869565218,True
2021-09-14,4479.33,4485.68,4435.46,4443.05,4443.05,3670460000.0,4536.95,4083.255,False,3629.56,False,4229.199855072464,True
2021-09-15,4447.49,4486.87,4438.37,4480.7,4480.7,4032020000.0,4536.95,4083.255,False,3629.56,False,4231.009208633093,True
2021-09-16,4477.09,4485.87,4443.8,4473.75,4473.75,3984560000.0,4536.95,4083.255,False,3629.56,False,4232.743071428572,True
2021-09-17,4469.74,4471.52,4427.76,4432.99,4432.99,7289530000.0,4536.95,4083.255,False,3629.56,False,4236.537142857143,True
2021-09-20,4402.95,4402.95,4305.91,4357.73,4357.73,4898070000.0,4536.95,4083.255,False,3629.56,False,4246.48152173913,True
2021-09-21,4374.45,4394.87,4347.96,4354.19,4354.19,3920920000.0,4536.95,4083.255,False,3629.56,False,4250.19347826087,True
2021-09-22,4367.43,4416.75,4367.43,4395.64,4395.64,3939170000.0,4536.95,4083.255,False,3629.56,False,4251.239856115108,True
2021-09-23,4406.75,4465.4,4406.75,4448.98,4448.98,3916350000.0,4536.95,4083.255,False,3629.56,False,4252.652285714285,True
2021-09-24,4438.04,4463.12,4430.27,4455.48,4455.48,3384290000.0,4536.95,4083.255,False,3629.56,False,4257.181785714286,True
2021-09-27,4442.12,4457.3,4436.19,4443.11,4443.11,4058650000.0,4536.95,4083.255,False,3629.56,False,4266.1954347826095,True
2021-09-28,4419.54,4419.54,4346.33,4352.63,4352.63,4416550000.0,4536.95,4083.255,False,3629.56,False,4269.161304347826,True
2021-09-29,4362.41,4385.57,4355.08,4359.46,4359.46,3712660000.0,4536.95,4083.255,False,3629.56,False,4269.810935251799,True
2021-09-30,4370.67,4382.55,4306.24,4307.54,4307.54,4448140000.0,4536.95,4083.255,False,3629.56,False,4270.0804285714285,True
2021-10-01,4317.16,4375.19,4288.52,4357.04,4357.04,4010370000.0,4536.95,4083.255,False,3629.56,False,4272.8525714285715,True
2021-10-04,4348.84,4355.51,4278.94,4300.46,4300.46,4307870000.0,4536.95,4083.255,False,3629.56,False,4280.054565217391,True
2021-10-05,4309.87,4369.23,4309.87,4345.72,4345.72,3902890000.0,4536.95,4083.255,False,3629.56,False,4283.189492753623,True
2021-10-06,4319.57,4365.57,4290.49,4363.55,4363.55,4009630000.0,4536.95,4083.255,False,3629.56,False,4283.767625899281,True
2021-10-07,4383.73,4429.97,4383.73,4399.76,4399.76,3843740000.0,4536.95,4083.255,False,3629.56,False,4284.596142857143,True
2021-10-08,4406.51,4412.02,4386.22,4391.34,4391.34,3280160000.0,4536.95,4083.255,False,3629.56,False,4287.815785714286,True
2021-10-11,4385.44,4415.88,4360.59,4361.19,4361.19,3281970000.0,4536.95,4083.255,False,3629.56,False,4296.711739130435,True
2021-10-12,4368.31,4374.89,4342.09,4350.65,4350.65,3558450000.0,4536.95,4083.255,False,3629.56,False,4299.437173913043,True
2021-10-13,4358.01,4372.87,4329.92,4363.8,4363.8,3620070000.0,4536.95,4083.255,False,3629.56,False,4299.900215827338,True
2021-10-14,4386.75,4439.73,4386.75,4438.26,4438.26,3598280000.0,4536.95,4083.255,False,3629.56,False,4300.888499999999,True
2021-10-15,4447.69,4475.82,4447.69,4471.37,4471.37,3819380000.0,4536.95,4083.255,False,3629.56,False,4304.461928571429,True
2021-10-18,4463.72,4488.75,4447.47,4486.46,4486.46,3662010000.0,4536.95,4083.255,False,3629.56,False,4312.75231884058,True
2021-10-19,4497.34,4520.4,4496.41,4519.63,4519.63,3459130000.0,4536.95,4083.255,False,3629.56,False,4314.2406474820145,True
2021-10-20,4524.42,4540.87,4524.4,4536.19,4536.19,3670760000.0,4536.95,4083.255,False,3629.56,False,4315.826,True
2021-10-21,4532.24,4551.44,4526.89,4549.78,4549.78,3822330000.0,4549.78,4094.8019999999997,False,3639.824,False,4317.485248226951,True
2021-10-22,4546.12,4559.67,4524.0,4544.9,4544.9,3758220000.0,4549.78,4094.8019999999997,False,3639.824,False,4320.797234042553,True
2021-10-25,4553.69,4572.62,4537.36,4566.48,4566.48,3899400000.0,4566.48,4109.831999999999,False,3653.1839999999997,False,4327.682230215827,True
2021-10-26,4578.69,4598.53,4569.17,4574.79,4574.79,3879740000.0,4574.79,4117.311,False,3659.8320000000003,False,4330.890791366907,True
2021-10-27,4580.22,4584.57,4551.66,4551.68,4551.68,4226050000.0,4574.79,4117.311,False,3659.8320000000003,False,4332.467857142857,True
2021-10-28,4562.84,4597.55,4562.84,4596.42,4596.42,4132950000.0,4596.42,4136.778,False,3677.1360000000004,False,4334.339858156029,True
2021-10-29,4572.87,4608.08,4567.59,4605.38,4605.38,4510200000.0,4605.38,4144.842000000001,False,3684.304,False,4337.72560283688,True
2021-11-01,4610.62,4620.34,4595.06,4613.67,4613.67,3971540000.0,4613.67,4152.303,False,3690.936,False,4343.858345323741,True
2021-11-02,4613.34,4635.15,4613.34,4630.65,4630.65,3975250000.0,4630.65,4167.585,False,3704.52,False,4347.061079136691,True
2021-11-03,4630.65,4663.46,4621.19,4660.57,4660.57,4319660000.0,4660.57,4194.513,False,3728.456,False,4349.300428571429,True
2021-11-04,4662.93,4683.0,4662.59,4680.06,4680.06,4462300000.0,4680.06,4212.054,False,3744.0480000000007,False,4351.646241134752,True
2021-11-05,4699.26,4718.5,4681.32,4697.53,4697.53,4467180000.0,4697.53,4227.777,False,3758.024,False,4355.435390070922,True
2021-11-08,4701.48,4714.92,4694.39,4701.7,4701.7,4269710000.0,4701.7,4231.53,False,3761.36,False,4362.408273381295,True
2021-11-09,4707.25,4708.53,4670.87,4685.25,4685.25,4117080000.0,4701.7,4231.53,False,3761.36,False,4366.041942446042,True
2021-11-10,4670.26,4684.85,4630.86,4646.71,4646.71,4503720000.0,4701.7,4231.53,False,3761.36,False,4368.046714285714,True
2021-11-11,4659.39,4664.55,4648.31,4649.27,4649.27,3926870000.0,4701.7,4231.53,False,3761.36,False,4370.04120567376,True
2021-11-12,4655.24,4688.47,4650.77,4682.85,4682.85,3728600000.0,4701.7,4231.53,False,3761.36,False,4373.553475177305,True
2021-11-15,4689.3,4697.42,4672.86,4682.8,4682.8,3488410000.0,4701.7,4231.53,False,3761.36,False,4379.6580575539565,True
2021-11-16,4679.42,4714.95,4679.42,4700.9,4700.9,3972640000.0,4701.7,4231.53,False,3761.36,False,4383.397122302158,True
2021-11-17,4701.5,4701.5,4684.41,4688.67,4688.67,3969070000.0,4701.7,4231.53,False,3761.36,False,4385.577642857143,True
2021-11-18,4700.72,4708.8,4672.78,4704.54,4704.54,4226410000.0,4704.54,4234.086,False,3763.632,False,4387.839787234042,True
2021-11-19,4708.44,4717.75,4694.22,4697.96,4697.96,4253180000.0,4704.54,4234.086,False,3763.632,False,4391.423475177305,True
2021-11-22,4712.0,4743.83,4682.17,4682.94,4682.94,4441100000.0,4704.54,4234.086,False,3763.632,False,4398.127913669064,True
2021-11-23,4678.48,4699.39,4652.66,4690.7,4690.7,4277590000.0,4704.54,4234.086,False,3763.632,False,4401.423597122302,True
2021-11-24,4675.78,4702.87,4659.89,4701.46,4701.46,3418430000.0,4704.54,4234.086,False,3763.632,False,4403.566714285714,True
2021-11-26,4664.63,4664.63,4585.43,4594.62,4594.62,3517700000.0,4704.54,4234.086,False,3763.632,False,4406.468071428571,True
2021-11-29,4628.75,4672.95,4625.26,4655.27,4655.27,4336410000.0,4704.54,4234.086,False,3763.632,False,4414.733043478261,True
2021-11-30,4640.25,4646.02,4560.0,4567.0,4567.0,6625990000.0,4704.54,4234.086,False,3763.632,False,4417.58195652174,True
2021-12-01,4602.82,4652.94,4510.27,4513.04,4513.04,5366730000.0,4704.54,4234.086,False,3763.632,False,4418.268705035972,True
2021-12-02,4504.73,4595.46,4504.73,4577.1,4577.1,5077180000.0,4704.54,4234.086,False,3763.632,False,4419.403214285715,True
2021-12-03,4589.49,4608.03,4495.12,4538.43,4538.43,5240070000.0,4704.54,4234.086,False,3763.632,False,4422.082785714286,True
2021-12-06,4548.37,4612.6,4540.51,4591.67,4591.67,4770800000.0,4704.54,4234.086,False,3763.632,False,4429.569782608695,True
2021-12-07,4631.97,4694.04,4631.97,4686.75,4686.75,4492400000.0,4704.54,4234.086,False,3763.632,False,4433.416811594203,True
2021-12-08,4690.86,4705.06,4674.52,4701.21,4701.21,4234600000.0,4704.54,4234.086,False,3763.632,False,4435.343381294964,True
2021-12-09,4691.0,4695.26,4665.98,4667.45,4667.45,3903840000.0,4704.54,4234.086,False,3763.632,False,4437.0012857142865,True
2021-12-10,4687.64,4713.57,4670.24,4712.02,4712.02,3870110000.0,4712.02,4240.818,False,3769.6160000000004,False,4440.679642857143,True
2021-12-13,4710.3,4710.3,4667.6,4668.97,4668.97,4397230000.0,4712.02,4240.818,False,3769.6160000000004,False,4447.674782608696,True
2021-12-14,4642.99,4660.47,4606.52,4634.09,4634.09,4485430000.0,4712.02,4240.818,False,3769.6160000000004,False,4450.790579710145,True
2021-12-15,4636.46,4712.6,4611.22,4709.85,4709.85,4910130000.0,4712.02,4240.818,False,3769.6160000000004,False,4452.654316546762,True
2021-12-16,4719.13,4731.99,4651.89,4668.67,4668.67,4829500000.0,4712.02,4240.818,False,3769.6160000000004,False,4454.1972857142855,True
2021-12-17,4652.5,4666.7,4600.22,4620.64,4620.64,7987090000.0,4712.02,4240.818,False,3769.6160000000004,False,4455.377730496454,True
2021-12-20,4587.9,4587.9,4531.1,4568.02,4568.02,4635700000.0,4712.02,4240.818,False,3769.6160000000004,False,4461.678201438849,True
2021-12-21,4594.96,4651.14,4583.16,4649.23,4649.23,4072430000.0,4712.02,4240.818,False,3769.6160000000004,False,4464.695035971223,True
2021-12-22,4650.36,4697.67,4645.53,4696.56,4696.56,3319610000.0,4712.02,4240.818,False,3769.6160000000004,False,4466.3512142857135,True
2021-12-23,4703.96,4740.74,4703.96,4725.79,4725.79,2913040000.0,4725.79,4253.211,False,3780.632,False,4468.191205673758,True
2021-12-27,4733.99,4791.49,4733.99,4791.19,4791.19,2770290000.0,4791.19,4312.071,False,3832.9519999999998,False,4477.490144927536,True
2021-12-28,4795.49,4807.02,4780.04,4786.35,4786.35,2707920000.0,4791.19,4312.071,False,3832.9519999999998,False,4481.395289855072,True
2021-12-29,4788.64,4804.06,4778.08,4793.06,4793.06,2963310000.0,4793.06,4313.754000000001,False,3834.4480000000003,False,4483.637482014388,True
2021-12-30,4794.23,4808.93,4775.33,4778.73,4778.73,3124950000.0,4793.06,4313.754000000001,False,3834.4480000000003,False,4485.745285714285,True
2021-12-31,4775.21,4786.83,4765.75,4766.18,4766.18,2677820000.0,4793.06,4313.754000000001,False,3834.4480000000003,False,4489.3955,True
2022-01-03,4778.14,4796.64,4758.17,4796.56,4796.56,3831020000.0,4796.56,4316.904,False,3837.2480000000005,False,4497.2447826086955,True
2022-01-04,4804.51,4818.62,4774.27,4793.54,4793.54,4683170000.0,4796.56,4316.904,False,3837.2480000000005,False,4501.788913043478,True
2022-01-05,4787.99,4797.7,4699.44,4700.58,4700.58,4887960000.0,4796.56,4316.904,False,3837.2480000000005,False,4503.219064748201,True
2022-01-06,4693.39,4725.01,4671.26,4696.05,4696.05,4295280000.0,4796.56,4316.904,False,3837.2480000000005,False,4504.596428571429,True
2022-01-07,4697.66,4707.95,4662.74,4677.03,4677.03,4181510000.0,4796.56,4316.904,False,3837.2480000000005,False,4507.826714285714,True
2022-01-10,4655.34,4673.02,4582.24,4670.29,4670.29,4511810000.0,4796.56,4316.904,False,3837.2480000000005,False,4514.574347826087,True
2022-01-11,4669.14,4714.13,4638.27,4713.07,4713.07,4101590000.0,4796.56,4316.904,False,3837.2480000000005,False,4517.707463768116,True
2022-01-12,4728.59,4748.83,4706.71,4726.35,4726.35,4048220000.0,4796.56,4316.904,False,3837.2480000000005,False,4519.208489208633,True
2022-01-13,4733.56,4744.13,4650.29,4659.03,4659.03,4251730000.0,4796.56,4316.904,False,3837.2480000000005,False,4520.207214285714,True
2022-01-14,4637.99,4665.13,4614.75,4662.85,4662.85,4338490000.0,4796.56,4316.904,False,3837.2480000000005,False,4522.866071428572,True
2022-01-18,4632.24,4632.24,4568.7,4577.11,4577.11,4748700000.0,4796.56,4316.904,False,3837.2480000000005,False,4529.3195620437955,True
2022-01-19,4588.03,4611.55,4530.2,4532.76,4532.76,4465740000.0,4796.56,4316.904,False,3837.2480000000005,False,4529.344492753624,True
2022-01-20,4547.35,4602.11,4477.95,4482.73,4482.73,4640870000.0,4796.56,4316.904,False,3837.2480000000005,False,4529.009136690647,False
2022-01-21,4471.38,4494.52,4395.34,4397.94,4397.94,5589100000.0,4796.56,4316.904,False,3837.2480000000005,False,4528.072928571429,False
2022-01-24,4356.32,4417.35,4222.62,4410.13,4410.13,6928110000.0,4796.56,4316.904,False,3837.2480000000005,False,4531.288768115942,False
2022-01-25,4366.64,4411.01,4287.11,4356.45,4356.45,5145050000.0,4796.56,4316.904,False,3837.2480000000005,False,4531.19384057971,False
2022-01-26,4408.43,4453.23,4304.8,4349.93,4349.93,5570640000.0,4796.56,4316.904,False,3837.2480000000005,False,4529.889784172662,False
2022-01-27,4380.58,4428.74,4309.5,4326.51,4326.51,5214200000.0,4796.56,4316.904,False,3837.2480000000005,False,4528.4370714285715,False
2022-01-28,4336.19,4432.72,4292.46,4431.85,4431.85,5031090000.0,4796.56,4316.904,False,3837.2480000000005,False,4528.774357142857,False
2022-01-31,4431.79,4516.89,4414.02,4515.55,4515.55,5098610000.0,4796.56,4316.904,False,3837.2480000000005,False,4532.176956521738,False
2022-02-01,4519.57,4550.49,4483.53,4546.54,4546.54,4816830000.0,4796.56,4316.904,False,3837.2480000000005,False,4533.766666666666,True
2022-02-02,4566.39,4595.31,4544.32,4589.38,4589.38,4481580000.0,4796.56,4316.904,False,3837.2480000000005,False,4534.166762589927,True
2022-02-03,4535.41,4542.88,4470.39,4477.44,4477.44,4401970000.0,4796.56,4316.904,False,3837.2480000000005,False,4533.761571428571,False
2022-02-04,4482.79,4539.66,4451.5,4500.53,4500.53,4706290000.0,4796.56,4316.904,False,3837.2480000000005,False,4535.490428571428,False
2022-02-07,4505.75,4521.86,4471.47,4483.87,4483.87,4228480000.0,4796.56,4316.904,False,3837.2480000000005,False,4539.154347826086,False
2022-02-08,4480.02,4531.32,4465.4,4521.54,4521.54,4459620000.0,4796.56,4316.904,False,3837.2480000000005,False,4539.949637681159,False
2022-02-09,4547.0,4590.03,4547.0,4587.18,4587.18,4524350000.0,4796.56,4316.904,False,3837.2480000000005,False,4540.289424460432,True
2022-02-10,4553.24,4588.92,4484.31,4504.08,4504.08,5314860000.0,4796.56,4316.904,False,3837.2480000000005,False,4540.030785714286,False
2022-02-11,4506.27,4526.33,4401.41,4418.64,4418.64,5251500000.0,4796.56,4316.904,False,3837.2480000000005,False,4540.004642857143,False
2022-02-14,4412.61,4426.22,4364.84,4401.67,4401.67,4600390000.0,4796.56,4316.904,False,3837.2480000000005,False,4541.891811594202,False
2022-02-15,4429.28,4472.77,4429.28,4471.07,4471.07,4430830000.0,4796.56,4316.904,False,3837.2480000000005,False,4542.44115942029,False
2022-02-16,4455.75,4489.55,4429.68,4475.01,4475.01,4283640000.0,4796.56,4316.904,False,3837.2480000000005,False,4541.956043165468,False
2022-02-17,4456.06,4456.06,4373.81,4380.26,4380.26,4539420000.0,4796.56,4316.904,False,3837.2480000000005,False,4540.801071428572,False
2022-02-18,4384.57,4394.6,4327.22,4348.87,4348.87,4708060000.0,4796.56,4316.904,False,3837.2480000000005,False,4540.527571428572,False
2022-02-22,4332.74,4362.12,4267.11,4304.76,4304.76,5121900000.0,4796.56,4316.904,True,3837.2480000000005,False,4542.242262773723,False
2022-02-23,4324.93,4341.51,4221.51,4225.5,4225.5,4797430000.0,4796.56,4316.904,True,3837.2480000000005,False,4539.947028985508,False
2022-02-24,4155.77,4294.73,4114.65,4288.7,4288.7,6752130000.0,4796.56,4316.904,True,3837.2480000000005,False,4538.139496402878,False
2022-02-25,4298.38,4385.34,4286.83,4384.65,4384.65,5177060000.0,4796.56,4316.904,False,3837.2480000000005,False,4537.796330935253,False
2022-02-28,4354.17,4388.84,4315.12,4373.94,4373.94,6071370000.0,4796.56,4316.904,False,3837.2480000000005,False,4538.5959124087585,False
2022-03-01,4363.14,4378.45,4279.54,4306.26,4306.26,5846230000.0,4796.56,4316.904,True,3837.2480000000005,False,4537.415328467153,False
2022-03-02,4322.56,4401.48,4322.56,4386.54,4386.54,5337870000.0,4796.56,4316.904,False,3837.2480000000005,False,4536.322028985507,False
2022-03-03,4401.31,4416.78,4345.56,4363.49,4363.49,5039890000.0,4796.56,4316.904,False,3837.2480000000005,False,4535.078633093524,False
2022-03-04,4342.12,4342.12,4284.98,4328.87,4328.87,5797380000.0,4796.56,4316.904,False,3837.2480000000005,False,4533.99345323741,False
2022-03-07,4327.01,4327.01,4199.85,4201.09,4201.09,6940470000.0,4796.56,4316.904,True,3837.2480000000005,False,4534.102408759123,False
2022-03-08,4202.66,4276.94,4157.87,4170.7,4170.7,7243120000.0,4796.56,4316.904,True,3837.2480000000005,False,4532.124525547446,False
2022-03-09,4223.1,4299.4,4223.1,4277.88,4277.88,5662670000.0,4796.56,4316.904,True,3837.2480000000005,False,4530.282173913044,False
2022-03-10,4252.55,4268.28,4209.8,4259.52,4259.52,4980830000.0,4796.56,4316.904,True,3837.2480000000005,False,4528.334244604317,False
2022-03-11,4279.5,4291.01,4200.49,4204.31,4204.31,4938640000.0,4796.56,4316.904,True,3837.2480000000005,False,4526.354244604317,False
2022-03-14,4202.75,4247.57,4161.72,4173.11,4173.11,5574920000.0,4796.56,4316.904,True,3837.2480000000005,False,4524.7002189781015,False
2022-03-15,4188.82,4271.05,4187.9,4262.45,4262.45,5392470000.0,4796.56,4316.904,True,3837.2480000000005,False,4522.897883211679,False
2022-03-16,4288.14,4358.9,4251.99,4357.86,4357.86,6309750000.0,4796.56,4316.904,False,3837.2480000000005,False,4521.701956521739,False
2022-03-17,4345.11,4412.67,4335.65,4411.67,4411.67,4985090000.0,4796.56,4316.904,False,3837.2480000000005,False,4520.910359712229,False
2022-03-18,4407.34,4465.4,4390.57,4463.12,4463.12,8278430000.0,4796.56,4316.904,False,3837.2480000000005,False,4520.437913669065,False
2022-03-21,4462.4,4481.75,4424.3,4461.18,4461.18,4869820000.0,4796.56,4316.904,False,3837.2480000000005,False,4519.841824817518,False
2022-03-22,4469.1,4522.0,4469.1,4511.61,4511.61,4754840000.0,4796.56,4316.904,False,3837.2480000000005,False,4519.66795620438,False
2022-03-23,4493.1,4501.07,4455.81,4456.24,4456.24,4550670000.0,4796.56,4316.904,False,3837.2480000000005,False,4519.208333333333,False
2022-03-24,4469.98,4520.58,4465.17,4520.16,4520.16,4131390000.0,4796.56,4316.904,False,3837.2480000000005,False,4519.215179856115,True
2022-03-25,4522.91,4546.03,4501.07,4543.06,4543.06,4305020000.0,4796.56,4316.904,False,3837.2480000000005,False,4519.385499999999,True
2022-03-28,4541.09,4575.65,4517.69,4575.52,4575.52,4312260000.0,4796.56,4316.904,False,3837.2480000000005,False,4520.015289855072,True
2022-03-29,4602.86,4637.3,4589.66,4631.6,4631.6,5085910000.0,4796.56,4316.904,False,3837.2480000000005,False,4521.269057971013,True
2022-03-30,4624.2,4627.77,4581.32,4602.45,4602.45,4385570000.0,4796.56,4316.904,False,3837.2480000000005,False,4521.853093525179,True
2022-03-31,4599.02,4603.07,4530.41,4530.41,4530.41,4823020000.0,4796.56,4316.904,False,3837.2480000000005,False,4521.9142142857145,True
2022-04-01,4540.32,4548.7,4507.57,4545.86,4545.86,4562940000.0,4796.56,4316.904,False,3837.2480000000005,False,4522.465142857142,True
2022-04-04,4547.97,4583.5,4539.21,4582.64,4582.64,4547350000.0,4796.56,4316.904,False,3837.2480000000005,False,4524.1323188405795,True
2022-04-05,4572.45,4593.45,4514.17,4525.12,4525.12,4800620000.0,4796.56,4316.904,False,3837.2480000000005,False,4524.799927536232,True
2022-04-06,4494.17,4503.94,4450.04,4481.15,4481.15,4986830000.0,4796.56,4316.904,False,3837.2480000000005,False,4524.485899280575,False
2022-04-07,4474.65,4521.16,4450.3,4500.21,4500.21,4821490000.0,4796.56,4316.904,False,3837.2480000000005,False,4524.3125,False
2022-04-08,4494.15,4520.41,4474.6,4488.28,4488.28,4083200000.0,4796.56,4316.904,False,3837.2480000000005,False,4525.245,False
2022-04-11,4462.64,4464.35,4408.38,4412.53,4412.53,4266290000.0,4796.56,4316.904,False,3837.2480000000005,False,4527.159565217391,False
2022-04-12,4437.59,4471.0,4381.34,4397.45,4397.45,4152090000.0,4796.56,4316.904,False,3837.2480000000005,False,4526.7390579710145,False
2022-04-13,4394.3,4453.92,4392.7,4446.59,4446.59,3828150000.0,4796.56,4316.904,False,3837.2480000000005,False,4526.162446043165,False
2022-04-14,4449.12,4460.46,4390.77,4392.59,4392.59,4083090000.0,4796.56,4316.904,False,3837.2480000000005,False,4525.208357142857,False
2022-04-18,4385.63,4410.31,4370.3,4391.69,4391.69,3910490000.0,4796.56,4316.904,False,3837.2480000000005,False,4528.891386861314,False
2022-04-19,4390.63,4471.03,4390.63,4462.21,4462.21,4108120000.0,4796.56,4316.904,False,3837.2480000000005,False,4529.659051094891,False
2022-04-20,4472.26,4488.29,4448.76,4459.45,4459.45,4290450000.0,4796.56,4316.904,False,3837.2480000000005,False,4529.1502898550725,False
2022-04-21,4489.17,4512.94,4384.47,4393.66,4393.66,4636890000.0,4796.56,4316.904,False,3837.2480000000005,False,4528.175539568346,False
2022-04-22,4385.83,4385.83,4267.62,4271.78,4271.78,4651940000.0,4796.56,4316.904,True,3837.2480000000005,False,4527.969208633093,False
2022-04-25,4255.34,4299.02,4200.82,4296.12,4296.12,5240040000.0,4796.56,4316.904,True,3837.2480000000005,False,4529.743138686132,False
2022-04-26,4278.14,4278.14,4175.04,4175.2,4175.2,4689970000.0,4796.56,4316.904,True,3837.2480000000005,False,4528.165474452554,False
2022-04-27,4186.52,4240.71,4162.9,4183.96,4183.96,4769680000.0,4796.56,4316.904,True,3837.2480000000005,False,4525.671231884058,False
2022-04-28,4222.58,4308.45,4188.63,4287.5,4287.5,4854180000.0,4796.56,4316.904,True,3837.2480000000005,False,4523.957769784172,False
2022-04-29,4253.75,4269.68,4124.28,4131.93,4131.93,5084030000.0,4796.56,4316.904,True,3837.2480000000005,False,4522.3084172661875,False
2022-05-02,4130.61,4169.81,4062.51,4155.38,4155.38,5163790000.0,4796.56,4316.904,True,3837.2480000000005,False,4522.653576642336,False
2022-05-03,4159.78,4200.1,4147.08,4175.48,4175.48,4582050000.0,4796.56,4316.904,True,3837.2480000000005,False,4520.493795620438,False
2022-05-04,4181.18,4307.66,4148.91,4300.17,4300.17,5136360000.0,4796.56,4316.904,True,3837.2480000000005,False,4518.897246376811,False
2022-05-05,4270.43,4270.43,4106.01,4146.87,4146.87,5077030000.0,4796.56,4316.904,True,3837.2480000000005,False,4516.220791366906,False
2022-05-06,4128.17,4157.69,4067.91,4123.34,4123.34,5116940000.0,4796.56,4316.904,True,3837.2480000000005,False,4513.608417266187,False
2022-05-09,4081.27,4081.27,3975.48,3991.24,3991.24,5954520000.0,4796.56,4316.904,True,3837.2480000000005,False,4509.3227007299265,False
2022-05-10,4035.18,4068.82,3958.17,4001.05,4001.05,5885820000.0,4796.56,4316.904,True,3837.2480000000005,False,4505.352992700729,False
2022-05-11,3990.08,4049.09,3928.82,3935.18,3935.18,5816140000.0,4796.56,4316.904,True,3837.2480000000005,False,4501.221304347826,False
2022-05-12,3903.95,3964.8,3858.87,3930.08,3930.08,6286450000.0,4796.56,4316.904,True,3837.2480000000005,False,4497.1123741007195,False
2022-05-13,3963.9,4038.88,3963.9,4023.89,4023.89,5183340000.0,4796.56,4316.904,True,3837.2480000000005,False,4493.208848920864,False
2022-05-16,4013.02,4046.46,3983.99,4008.01,4008.01,4415030000.0,4796.56,4316.904,True,3837.2480000000005,False,4487.891605839416,False
2022-05-17,4052.0,4090.72,4033.93,4088.85,4088.85,4841410000.0,4796.56,4316.904,True,3837.2480000000005,False,4484.1213138686135,False
2022-05-18,4051.98,4051.98,3911.91,3923.68,3923.68,5103220000.0,4796.56,4316.904,True,3837.2480000000005,False,4480.0601449275355,False
2022-05-19,3899.0,3945.96,3876.58,3900.79,3900.79,5113550000.0,4796.56,4316.904,True,3837.2480000000005,False,4475.89273381295,False
2022-05-20,3927.76,3943.42,3810.32,3901.36,3901.36,5130730000.0,4796.56,4316.904,True,3837.2480000000005,False,4470.768201438849,False
2022-05-23,3919.42,3981.88,3909.04,3973.75,3973.75,4420030000.0,4796.56,4316.904,True,3837.2480000000005,False,4463.060218978102,False
2022-05-24,3942.94,3955.68,3875.13,3941.48,3941.48,4923190000.0,4796.56,4316.904,True,3837.2480000000005,False,4457.541605839416,False
2022-05-25,3929.59,3999.33,3925.03,3978.73,3978.73,4802560000.0,4796.56,4316.904,True,3837.2480000000005,False,4454.07195652174,False
2022-05-26,3984.6,4075.14,3984.6,4057.84,4057.84,4709970000.0,4796.56,4316.904,True,3837.2480000000005,False,4451.221366906475,False
2022-05-27,4077.43,4158.49,4077.43,4158.24,4158.24,4375620000.0,4796.56,4316.904,True,3837.2480000000005,False,4447.311582733813,False
2022-05-31,4151.09,4168.34,4104.88,4132.15,4132.15,6822640000.0,4796.56,4316.904,True,3837.2480000000005,False,4438.5616176470585,False
2022-06-01,4149.78,4166.54,4073.85,4101.23,4101.23,4531800000.0,4796.56,4316.904,True,3837.2480000000005,False,4436.099343065694,False
2022-06-02,4095.41,4177.51,4074.37,4176.82,4176.82,4405790000.0,4796.56,4316.904,True,3837.2480000000005,False,4434.220507246377,False
2022-06-03,4137.57,4142.67,4098.67,4108.54,4108.54,3711110000.0,4796.56,4316.904,True,3837.2480000000005,False,4430.059202898551,False
2022-06-06,4134.72,4168.78,4109.18,4121.43,4121.43,4332700000.0,4796.56,4316.904,True,3837.2480000000005,False,4421.878602941178,False
2022-06-07,4096.47,4164.86,4080.19,4160.68,4160.68,4248210000.0,4796.56,4316.904,True,3837.2480000000005,False,4417.928014705882,False
2022-06-08,4147.12,4160.14,4107.2,4115.77,4115.77,4159470000.0,4796.56,4316.904,True,3837.2480000000005,False,4415.7224817518245,False
2022-06-09,4101.65,4119.1,4017.17,4017.82,4017.82,4134170000.0,4796.56,4316.904,True,3837.2480000000005,False,4412.839130434782,False
2022-06-10,3974.39,3974.39,3900.16,3900.86,3900.86,4889640000.0,4796.56,4316.904,True,3837.2480000000005,False,4407.1718840579715,False
2022-06-13,3838.15,3838.15,3734.3,3749.63,3749.63,5636890000.0,4796.56,4316.904,True,3837.2480000000005,True,4398.154671532846,False
2022-06-14,3763.52,3778.18,3705.68,3735.48,3735.48,5153890000.0,4796.56,4316.904,True,3837.2480000000005,True,4391.883576642336,False
2022-06-15,3764.05,3837.56,3722.3,3789.99,3789.99,5530480000.0,4796.56,4316.904,True,3837.2480000000005,True,4387.522028985508,False
2022-06-16,3728.18,3728.18,3639.77,3666.77,3666.77,5644930000.0,4796.56,4316.904,True,3837.2480000000005,True,4382.336762589928,False
2022-06-17,3665.9,3707.71,3636.87,3674.84,3674.84,8520740000.0,4796.56,4316.904,True,3837.2480000000005,True,4375.283309352518,False
2022-06-21,3715.31,3779.65,3715.31,3764.79,3764.79,5292260000.0,4796.56,4316.904,True,3837.2480000000005,True,4365.688235294118,False
2022-06-22,3733.89,3801.79,3717.69,3759.89,3759.89,5058990000.0,4796.56,4316.904,True,3837.2480000000005,True,4361.266350364964,False
2022-06-23,3774.71,3802.58,3743.52,3795.73,3795.73,5098640000.0,4796.56,4316.904,True,3837.2480000000005,True,4357.1682608695655,False
2022-06-24,3821.75,3913.65,3821.75,3911.74,3911.74,8120260000.0,4796.56,4316.904,True,3837.2480000000005,False,4352.241231884058,False
2022-06-27,3920.76,3927.72,3889.66,3900.11,3900.11,4325310000.0,4796.56,4316.904,True,3837.2480000000005,False,4341.573455882353,False
2022-06-28,3913.0,3945.86,3820.14,3821.55,3821.55,4270120000.0,4796.56,4316.904,True,3837.2480000000005,True,4335.02588235294,False
2022-06-29,3825.09,3836.5,3799.02,3818.83,3818.83,4211240000.0,4796.56,4316.904,True,3837.2480000000005,True,4331.25802919708,False
2022-06-30,3785.99,3818.99,3738.67,3785.38,3785.38,4840070000.0,4796.56,4316.904,True,3837.2480000000005,True,4327.302391304348,False
2022-07-01,3781.0,3829.82,3752.1,3825.33,3825.33,4046950000.0,4796.56,4316.904,True,3837.2480000000005,True,4321.189057971014,False
2022-07-05,3792.61,3832.19,3742.06,3831.39,3831.39,5076590000.0,4796.56,4316.904,True,3837.2480000000005,True,4307.5720740740735,False
2022-07-06,3831.98,3870.91,3809.37,3845.08,3845.08,4417720000.0,4796.56,4316.904,True,3837.2480000000005,False,4304.1713970588235,False
2022-07-07,3858.85,3910.63,3858.85,3902.62,3902.62,4057770000.0,4796.56,4316.904,True,3837.2480000000005,False,4301.240364963503,False
2022-07-08,3888.26,3918.5,3869.34,3899.38,3899.38,3521620000.0,4796.56,4316.904,True,3837.2480000000005,False,4296.359781021897,False
2022-07-11,3880.94,3880.94,3847.22,3854.43,3854.43,3423480000.0,4796.56,4316.904,True,3837.2480000000005,False,4284.326962962963,False
2022-07-12,3851.95,3873.41,3802.36,3818.8,3818.8,3817210000.0,4796.56,4316.904,True,3837.2480000000005,True,4280.903970588235,False
2022-07-13,3779.67,3829.44,3759.07,3801.78,3801.78,4109390000.0,4796.56,4316.904,True,3837.2480000000005,True,4277.406715328467,False
2022-07-14,3763.99,3796.41,3721.56,3790.38,3790.38,4199690000.0,4796.56,4316.904,True,3837.2480000000005,True,4273.877536231884,False
2022-07-15,3818.0,3863.62,3817.18,3863.16,3863.16,4143800000.0,4796.56,4316.904,True,3837.2480000000005,False,4267.15268115942,False
2022-07-18,3883.79,3902.44,3818.63,3830.85,3830.85,4046870000.0,4796.56,4316.904,True,3837.2480000000005,True,4252.498382352941,False
2022-07-19,3860.73,3939.81,3860.73,3936.69,3936.69,4041070000.0,4796.56,4316.904,True,3837.2480000000005,False,4246.399191176471,False
2022-07-20,3935.32,3974.13,3922.03,3959.9,3959.9,4185300000.0,4796.56,4316.904,True,3837.2480000000005,False,4244.3079562043795,False
2022-07-21,3955.47,3999.29,3927.64,3998.95,3998.95,4132790000.0,4796.56,4316.904,True,3837.2480000000005,False,4242.53,False
2022-07-22,3998.43,4012.44,3938.86,3961.63,3961.63,3979240000.0,4796.56,4316.904,True,3837.2480000000005,False,4236.479782608696,False
2022-07-25,3965.72,3975.3,3943.46,3966.84,3966.84,3568340000.0,4796.56,4316.904,True,3837.2480000000005,False,4223.609411764706,False
2022-07-26,3953.22,3953.22,3910.74,3921.05,3921.05,3778950000.0,4796.56,4316.904,True,3837.2480000000005,False,4218.050735294118,False
2022-07-27,3951.43,4039.56,3951.43,4023.61,4023.61,4112180000.0,4796.56,4316.904,True,3837.2480000000005,False,4216.631459854015,False
2022-07-28,4026.13,4078.95,3992.97,4072.43,4072.43,4413000000.0,4796.56,4316.904,True,3837.2480000000005,False,4215.58652173913,False
2022-07-29,4087.33,4140.15,4079.22,4130.29,4130.29,4616360000.0,4796.56,4316.904,True,3837.2480000000005,False,4211.673478260869,False
2022-08-01,4112.38,4144.95,4096.02,4118.63,4118.63,4202810000.0,4796.56,4316.904,True,3837.2480000000005,False,4200.228823529412,False
2022-08-02,4104.21,4140.47,4079.81,4091.19,4091.19,4727710000.0,4796.56,4316.904,True,3837.2480000000005,False,4196.02544117647,False
2022-08-03,4107.96,4167.66,4107.96,4155.17,4155.17,4351760000.0,4796.56,4316.904,True,3837.2480000000005,False,4195.727226277372,False
2022-08-04,4154.85,4161.29,4135.42,4151.94,4151.94,4283320000.0,4796.56,4316.904,True,3837.2480000000005,False,4195.409927536232,False
2022-08-05,4115.87,4151.58,4107.31,4145.19,4145.19,4085940000.0,4796.56,4316.904,True,3837.2480000000005,False,4195.0486330935255,False
2022-08-08,4155.93,4186.62,4128.97,4140.06,4140.06,4221090000.0,4796.56,4316.904,True,3837.2480000000005,False,4187.293576642336,False
2022-08-09,4133.11,4137.3,4112.09,4122.47,4122.47,3913090000.0,4796.56,4316.904,True,3837.2480000000005,False,4185.282846715329,False
2022-08-10,4181.02,4211.03,4177.26,4210.24,4210.24,4546010000.0,4796.56,4316.904,True,3837.2480000000005,False,4185.463695652174,True
2022-08-11,4227.4,4257.91,4201.41,4207.27,4207.27,4630200000.0,4796.56,4316.904,True,3837.2480000000005,False,4185.620575539569,True
2022-08-12,4225.02,4280.47,4219.78,4280.15,4280.15,3788010000.0,4796.56,4316.904,True,3837.2480000000005,False,4184.685467625899,True
2022-08-15,4269.37,4301.79,4256.9,4297.14,4297.14,3696830000.0,4796.56,4316.904,True,3837.2480000000005,False,4182.011167883211,True
2022-08-16,4290.46,4325.28,4277.77,4305.2,4305.2,4329820000.0,4796.56,4316.904,True,3837.2480000000005,False,4181.086715328467,True
2022-08-17,4280.4,4302.18,4253.08,4274.04,4274.04,3885030000.0,4796.56,4316.904,True,3837.2480000000005,False,4181.760289855072,True
2022-08-18,4273.13,4292.53,4261.98,4283.74,4283.74,3340330000.0,4796.56,4316.904,True,3837.2480000000005,False,4182.493956834533,True
2022-08-19,4266.31,4266.31,4218.7,4228.48,4228.48,3761340000.0,4796.56,4316.904,True,3837.2480000000005,False,4180.428705035972,True
2022-08-22,4195.08,4195.08,4129.86,4137.99,4137.99,3907430000.0,4796.56,4316.904,True,3837.2480000000005,False,4172.293576642335,False
2022-08-23,4133.09,4159.77,4124.03,4128.73,4128.73,3823520000.0,4796.56,4316.904,True,3837.2480000000005,False,4169.579708029198,False
2022-08-24,4126.55,4156.56,4119.97,4140.77,4140.77,3583630000.0,4796.56,4316.904,True,3837.2480000000005,False,4169.370942028986,False
2022-08-25,4153.26,4200.54,4147.59,4199.12,4199.12,3566870000.0,4796.56,4316.904,True,3837.2480000000005,False,4169.584964028777,True
2022-08-26,4198.74,4203.04,4057.66,4057.66,4057.66,3832750000.0,4796.56,4316.904,True,3837.2480000000005,False,4166.518705035972,False
2022-08-29,4034.58,4062.99,4017.42,4030.61,4030.61,3396510000.0,4796.56,4316.904,True,3837.2480000000005,False,4157.400802919708,False
2022-08-30,4041.25,4044.98,3965.21,3986.16,3986.16,3835860000.0,4796.56,4316.904,True,3837.2480000000005,False,4154.244014598539,False
2022-08-31,4000.67,4015.37,3954.53,3955.0,3955.0,4542490000.0,4796.56,4316.904,True,3837.2480000000005,False,4152.800217391304,False
2022-09-01,3936.73,3970.23,3903.65,3966.85,3966.85,4152250000.0,4796.56,4316.904,True,3837.2480000000005,False,4151.462446043166,False
2022-09-02,3994.66,4018.43,3906.21,3924.26,3924.26,3665850000.0,4796.56,4316.904,True,3837.2480000000005,False,4148.027841726619,False
2022-09-06,3930.89,3942.55,3886.75,3908.19,3908.19,4127340000.0,4796.56,4316.904,True,3837.2480000000005,False,4138.300367647059,False
2022-09-07,3909.43,3987.89,3906.03,3979.87,3979.87,3890320000.0,4796.56,4316.904,True,3837.2480000000005,False,4137.143941605839,False
2022-09-08,3959.94,4010.5,3944.81,4006.18,4006.18,3966850000.0,4796.56,4316.904,True,3837.2480000000005,False,4136.194927536232,False
2022-09-09,4022.94,4076.81,4022.94,4067.36,4067.36,3901940000.0,4796.56,4316.904,True,3837.2480000000005,False,4135.6997122302155,False
2022-09-12,4083.67,4119.28,4083.67,4110.41,4110.41,3814200000.0,4796.56,4316.904,True,3837.2480000000005,False,4132.508832116788,False
2022-09-13,4037.12,4037.12,3921.28,3932.69,3932.69,4224550000.0,4796.56,4316.904,True,3837.2480000000005,False,4129.209854014599,False
2022-09-14,3940.73,3961.94,3912.18,3946.01,3946.01,4293240000.0,4796.56,4316.904,True,3837.2480000000005,False,4127.8823188405795,False
2022-09-15,3932.41,3959.14,3888.28,3901.35,3901.35,4441830000.0,4796.56,4316.904,True,3837.2480000000005,False,4126.252589928057,False
2022-09-16,3880.95,3880.95,3837.08,3873.33,3873.33,7954650000.0,4796.56,4316.904,True,3837.2480000000005,False,4122.651079136691,False
2022-09-19,3849.91,3900.45,3838.5,3899.89,3899.89,3766850000.0,4796.56,4316.904,True,3837.2480000000005,False,4116.000729927007,False
2022-09-20,3875.23,3876.01,3827.54,3855.93,3855.93,4058050000.0,4796.56,4316.904,True,3837.2480000000005,False,4112.548613138686,False
2022-09-21,3871.4,3907.07,3789.49,3789.93,3789.93,4078330000.0,4796.56,4316.904,True,3837.2480000000005,True,4110.210797101449,False
2022-09-22,3782.36,3790.9,3749.45,3757.99,3757.99,4284600000.0,4796.56,4316.904,True,3837.2480000000005,True,4107.6768345323735,False
2022-09-23,3727.14,3727.14,3647.47,3693.23,3693.23,5144270000.0,4796.56,4316.904,True,3837.2480000000005,True,4104.023165467626,False
2022-09-26,3682.72,3715.67,3644.76,3655.04,3655.04,4886140000.0,4796.56,4316.904,True,3837.2480000000005,True,4097.855182481751,False
2022-09-27,3686.44,3717.53,3623.29,3647.29,3647.29,4577740000.0,4796.56,4316.904,True,3837.2480000000005,True,4093.7893430656936,False
2022-09-28,3651.94,3736.74,3640.61,3719.04,3719.04,4684850000.0,4796.56,4316.904,True,3837.2480000000005,True,4091.0737681159426,False
2022-09-29,3687.01,3687.01,3610.4,3640.47,3640.47,4681810000.0,4796.56,4316.904,True,3837.2480000000005,True,4087.8320143884894,False
2022-09-30,3633.48,3671.44,3584.13,3585.62,3585.62,5645360000.0,4796.56,4316.904,True,3837.2480000000005,True,4083.6054676258996,False
2022-10-03,3609.78,3698.35,3604.93,3678.43,3678.43,4806680000.0,4796.56,4316.904,True,3837.2480000000005,True,4074.9460583941604,False
2022-10-04,3726.46,3791.92,3726.46,3790.93,3790.93,5146580000.0,4796.56,4316.904,True,3837.2480000000005,True,4070.0395620437957,False
2022-10-05,3753.25,3806.91,3722.66,3783.28,3783.28,4293180000.0,4796.56,4316.904,True,3837.2480000000005,True,4067.961594202899,False
2022-10-06,3771.97,3797.93,3739.22,3744.52,3744.52,4252100000.0,4796.56,4316.904,True,3837.2480000000005,True,4065.6346762589933,False
2022-10-07,3706.74,3706.74,3620.73,3639.66,3639.66,4449660000.0,4796.56,4316.904,True,3837.2480000000005,True,4059.7244604316543,False
2022-10-10,3647.51,3652.17,3588.1,3612.39,3612.39,3834320000.0,4796.56,4316.904,True,3837.2480000000005,True,4046.905693430657,False
2022-10-11,3595.86,3640.66,3568.45,3588.84,3588.84,4759030000.0,4796.56,4316.904,True,3837.2480000000005,True,4039.9405839416067,False
2022-10-12,3590.83,3608.34,3573.86,3577.03,3577.03,4006830000.0,4796.56,4316.904,True,3837.2480000000005,True,4036.5861594202897,False
2022-10-13,3520.37,3685.41,3491.58,3669.91,3669.91,5021680000.0,4796.56,4316.904,True,3837.2480000000005,True,4033.948201438849,False
2022-10-14,3690.41,3712.0,3579.68,3583.07,3583.07,4243030000.0,4796.56,4316.904,True,3837.2480000000005,True,4026.808273381295,False
2022-10-17,3638.65,3689.73,3638.65,3677.95,3677.95,4352780000.0,4796.56,4316.904,True,3837.2480000000005,True,4011.969635036496,False
2022-10-18,3746.26,3762.79,3686.53,3719.98,3719.98,4483740000.0,4796.56,4316.904,True,3837.2480000000005,True,4005.9413138686127,False
2022-10-19,3703.11,3728.58,3666.51,3695.16,3695.16,4223800000.0,4796.56,4316.904,True,3837.2480000000005,True,4003.6892753623188,False
2022-10-20,3689.05,3736.0,3656.44,3665.78,3665.78,4496620000.0,4796.56,4316.904,True,3837.2480000000005,True,4001.258273381294,False
2022-10-21,3657.1,3757.89,3647.42,3752.75,3752.75,5078020000.0,4796.56,4316.904,True,3837.2480000000005,True,3995.287841726618,False
2022-10-24,3762.01,3810.74,3741.65,3797.34,3797.34,4747930000.0,4796.56,4316.904,True,3837.2480000000005,True,3982.743576642336,False
2022-10-25,3799.44,3862.85,3799.44,3859.11,3859.11,4843120000.0,4796.56,4316.904,True,3837.2480000000005,False,3978.1510948905116,False
2022-10-26,3825.97,3886.15,3824.07,3830.6,3830.6,4817310000.0,4796.56,4316.904,True,3837.2480000000005,True,3977.0818840579714,False
2022-10-27,3834.69,3859.95,3803.79,3807.3,3807.3,4687320000.0,4796.56,4316.904,True,3837.2480000000005,True,3975.860431654677,False
2022-10-28,3808.26,3905.42,3808.26,3901.06,3901.06,4459410000.0,4796.56,4316.904,True,3837.2480000000005,False,3972.1807913669063,False
2022-10-31,3881.85,3893.73,3863.18,3871.98,3871.98,4820620000.0,4796.56,4316.904,True,3837.2480000000005,False,3961.813722627737,False
2022-11-01,3901.79,3911.79,3843.8,3856.1,3856.1,4481210000.0,4796.56,4316.904,True,3837.2480000000005,False,3961.047681159421,False
2022-11-02,3852.9,3894.44,3758.68,3759.69,3759.69,4899000000.0,4796.56,4316.904,True,3837.2480000000005,True,3959.5990647482017,False
2022-11-03,3733.25,3750.59,3698.15,3719.89,3719.89,4625290000.0,4796.56,4316.904,True,3837.2480000000005,True,3957.8868571428575,False
2022-11-04,3766.98,3796.34,3708.84,3770.55,3770.55,5400180000.0,4796.56,4316.904,True,3837.2480000000005,True,3953.450142857143,False
2022-11-07,3780.71,3813.95,3764.7,3806.8,3806.8,4341620000.0,4796.56,4316.904,True,3837.2480000000005,True,3941.8442028985505,False
2022-11-08,3817.02,3859.4,3786.28,3828.11,3828.11,4607640000.0,4796.56,4316.904,True,3837.2480000000005,True,3938.6292028985504,False
2022-11-09,3810.94,3818.2,3744.22,3748.57,3748.57,4645010000.0,4796.56,4316.904,True,3837.2480000000005,True,3937.2618705035975,False
2022-11-10,3859.89,3958.33,3859.89,3956.37,3956.37,5781260000.0,4796.56,4316.904,True,3837.2480000000005,False,3937.398357142857,True
2022-11-11,3963.72,4001.48,3944.82,3992.93,3992.93,5593310000.0,4796.56,4316.904,True,3837.2480000000005,False,3935.232714285714,True
2022-11-14,3977.97,4008.97,3956.4,3957.25,3957.25,4561930000.0,4796.56,4316.904,True,3837.2480000000005,False,3929.2983333333327,True
2022-11-15,4006.41,4028.84,3953.17,3991.73,3991.73,5015310000.0,4796.56,4316.904,True,3837.2480000000005,False,3928.2823913043476,True
2022-11-16,3976.82,3983.09,3954.34,3958.79,3958.79,4165320000.0,4796.56,4316.904,True,3837.2480000000005,False,3928.5018705035973,True
2022-11-17,3919.26,3954.33,3906.54,3946.56,3946.56,4051780000.0,4796.56,4316.904,True,3837.2480000000005,False,3928.6308571428576,True
2022-11-18,3966.39,3979.89,3935.98,3965.34,3965.34,4037360000.0,4796.56,4316.904,True,3837.2480000000005,False,3927.2734285714287,True
2022-11-21,3956.23,3962.0,3933.34,3949.94,3949.94,3850690000.0,4796.56,4316.904,True,3837.2480000000005,False,3921.3456521739126,True
2022-11-22,3965.51,4005.88,3956.88,4003.58,4003.58,3887990000.0,4796.56,4316.904,True,3837.2480000000005,False,3920.477826086957,True
2022-11-23,4000.3,4033.78,3998.66,4027.26,4027.26,3279720000.0,4796.56,4316.904,True,3837.2480000000005,False,3921.246043165468,True
2022-11-25,4023.34,4034.02,4020.76,4026.12,4026.12,1706460000.0,4796.56,4316.904,True,3837.2480000000005,False,3921.4969784172667,True
2022-11-28,4005.36,4012.27,3955.77,3963.94,3963.94,3615430000.0,4796.56,4316.904,True,3837.2480000000005,False,3921.0635766423356,True
2022-11-29,3964.19,3976.77,3937.65,3957.63,3957.63,3546040000.0,4796.56,4316.904,True,3837.2480000000005,False,3920.579927007299,True
2022-11-30,3957.18,4080.11,3938.58,4080.11,4080.11,6579360000.0,4796.56,4316.904,True,3837.2480000000005,False,3921.735942028985,True
2022-12-01,4087.14,4100.51,4050.87,4076.57,4076.57,4527130000.0,4796.56,4316.904,True,3837.2480000000005,False,3922.8498561151077,True
2022-12-02,4040.17,4080.48,4026.63,4071.7,4071.7,4012620000.0,4796.56,4316.904,True,3837.2480000000005,False,3923.3080575539566,True
2022-12-05,4052.02,4052.45,3984.49,3998.84,3998.84,4280820000.0,4796.56,4316.904,True,3837.2480000000005,False,3922.8127007299267,True
2022-12-06,3996.63,4001.51,3918.39,3941.26,3941.26,4368380000.0,4796.56,4316.904,True,3837.2480000000005,False,3923.1039416058393,True
2022-12-07,3933.28,3957.57,3922.68,3933.92,3933.92,4118050000.0,4796.56,4316.904,True,3837.2480000000005,False,3923.18231884058,True
2022-12-08,3947.79,3974.19,3935.83,3963.51,3963.51,4006900000.0,4796.56,4316.904,True,3837.2480000000005,False,3923.4724460431657,True
2022-12-09,3954.17,3977.02,3933.04,3934.38,3934.38,3888260000.0,4796.56,4316.904,True,3837.2480000000005,False,3923.189208633094,True
2022-12-12,3939.29,3990.71,3935.3,3990.56,3990.56,3904130000.0,4796.56,4316.904,True,3837.2480000000005,False,3922.1591970802915,True
2022-12-13,4069.38,4100.96,3993.03,4019.65,4019.65,5079360000.0,4796.56,4316.904,True,3837.2480000000005,False,3921.1475912408755,True
2022-12-14,4015.54,4053.76,3965.65,3995.32,3995.32,4472340000.0,4796.56,4316.904,True,3837.2480000000005,False,3921.6850724637684,True
2022-12-15,3958.37,3958.37,3879.45,3895.75,3895.75,4493900000.0,4796.56,4316.904,True,3837.2480000000005,False,3921.498489208633,False
2022-12-16,3890.91,3890.91,3827.91,3852.36,3852.36,7493660000.0,4796.56,4316.904,True,3837.2480000000005,False,3921.004642857143,False
2022-12-19,3853.79,3854.86,3800.04,3817.66,3817.66,3969610000.0,4796.56,4316.904,True,3837.2480000000005,True,3915.5660144927533,False
2022-12-20,3810.47,3838.24,3795.62,3821.62,3821.62,3985370000.0,4796.56,4316.904,True,3837.2480000000005,True,3913.4868840579707,False
2022-12-21,3839.49,3889.82,3839.49,3878.44,3878.44,3775200000.0,4796.56,4316.904,True,3837.2480000000005,False,3913.234748201439,False
2022-12-22,3853.26,3853.26,3764.49,3822.39,3822.39,3956950000.0,4796.56,4316.904,True,3837.2480000000005,True,3912.585857142857,False
2022-12-23,3815.11,3845.8,3797.01,3844.82,3844.82,2819280000.0,4796.56,4316.904,True,3837.2480000000005,False,3910.610071428571,False
2022-12-27,3843.34,3846.65,3813.22,3829.25,3829.25,3030300000.0,4796.56,4316.904,True,3837.2480000000005,True,3905.981970802919,False
2022-12-28,3829.56,3848.32,3780.78,3783.22,3783.22,3083520000.0,4796.56,4316.904,True,3837.2480000000005,True,3905.092391304348,False
2022-12-29,3805.45,3858.19,3805.45,3849.28,3849.28,3003680000.0,4796.56,4316.904,True,3837.2480000000005,False,3904.6908633093517,False
2022-12-30,3829.06,3839.85,3800.34,3839.5,3839.5,2979870000.0,4796.56,4316.904,True,3837.2480000000005,False,3905.3374100719425,False
2023-01-03,3853.29,3878.46,3794.33,3824.14,3824.14,3959140000.0,4796.56,4316.904,True,3837.2480000000005,True,3910.286470588235,False
2023-01-04,3840.36,3873.16,3815.77,3852.97,3852.97,4414080000.0,4796.56,4316.904,True,3837.2480000000005,False,3909.8681021897805,False
2023-01-05,3839.74,3839.74,3802.42,3808.1,3808.1,3893450000.0,4796.56,4316.904,True,3837.2480000000005,True,3909.1306521739134,False
2023-01-06,3823.37,3906.19,3809.56,3895.08,3895.08,3923560000.0,4796.56,4316.904,True,3837.2480000000005,False,3909.0295683453237,False
2023-01-09,3910.82,3950.57,3890.42,3892.09,3892.09,4311770000.0,4796.56,4316.904,True,3837.2480000000005,False,3911.874379562043,False
2023-01-10,3888.57,3919.83,3877.29,3919.25,3919.25,3851030000.0,4796.56,4316.904,True,3837.2480000000005,False,3911.9291970802915,True
2023-01-11,3932.35,3970.07,3928.54,3969.61,3969.61,4303360000.0,4796.56,4316.904,True,3837.2480000000005,False,3912.3471739130428,True
2023-01-12,3977.57,3997.76,3937.56,3983.17,3983.17,4440260000.0,4796.56,4316.904,True,3837.2480000000005,False,3912.8566906474816,True
2023-01-13,3960.6,4003.95,3947.67,3999.09,3999.09,3939700000.0,4796.56,4316.904,True,3837.2480000000005,False,3913.5687769784167,True
2023-01-17,3999.28,4015.39,3984.57,3990.97,3990.97,4235560000.0,4796.56,4316.904,True,3837.2480000000005,False,3917.1025000000004,True
2023-01-18,4002.25,4014.16,3926.59,3928.86,3928.86,4298710000.0,4796.56,4316.904,True,3837.2480000000005,False,3917.1883211678837,True
2023-01-19,3911.84,3922.94,3885.54,3898.85,3898.85,3991500000.0,4796.56,4316.904,True,3837.2480000000005,False,3917.0554347826087,False
2023-01-20,3909.04,3972.96,3897.86,3972.61,3972.61,4013360000.0,4796.56,4316.904,True,3837.2480000000005,False,3917.455107913669,True
2023-01-23,3978.14,4039.31,3971.64,4019.81,4019.81,3945210000.0,4796.56,4316.904,True,3837.2480000000005,False,3919.46700729927,True
2023-01-24,4001.74,4023.92,3989.79,4016.95,4016.95,3320430000.0,4796.56,4316.904,True,3837.2480000000005,False,3920.325182481752,True
2023-01-25,3982.71,4019.55,3949.06,4016.22,4016.22,3724020000.0,4796.56,4316.904,True,3837.2480000000005,False,3921.0200724637684,True
2023-01-26,4036.08,4061.57,4013.29,4060.43,4060.43,3809590000.0,4796.56,4316.904,True,3837.2480000000005,False,3922.023021582734,True
2023-01-27,4053.72,4094.21,4048.7,4070.56,4070.56,3907760000.0,4796.56,4316.904,True,3837.2480000000005,False,3923.5779136690644,True
2023-01-30,4049.27,4063.85,4015.55,4017.77,4017.77,3802000000.0,4796.56,4316.904,True,3837.2480000000005,False,3926.8915328467156,True
2023-01-31,4020.85,4077.16,4020.44,4076.6,4076.6,4679320000.0,4796.56,4316.904,True,3837.2480000000005,False,3928.4494890510946,True
2023-02-01,4070.07,4148.95,4037.2,4119.21,4119.21,4856930000.0,4796.56,4316.904,True,3837.2480000000005,False,3929.8318115942034,True
2023-02-02,4158.68,4195.44,4141.88,4179.76,4179.76,5624360000.0,4796.56,4316.904,True,3837.2480000000005,False,3931.6298561151075,True
2023-02-03,4136.69,4182.36,4123.36,4136.48,4136.48,4694510000.0,4796.56,4316.904,True,3837.2480000000005,False,3933.8286330935257,True
2023-02-06,4119.57,4124.63,4093.38,4111.08,4111.08,4114240000.0,4796.56,4316.904,True,3837.2480000000005,False,3934.435912408759,True
2023-02-07,4105.35,4176.54,4088.39,4164.0,4164.0,4355860000.0,4796.56,4316.904,True,3837.2480000000005,False,3935.9130656934303,True
2023-02-08,4153.47,4156.85,4111.67,4117.86,4117.86,4029820000.0,4796.56,4316.904,True,3837.2480000000005,False,3937.23152173913,True
2023-02-09,4144.25,4156.23,4069.67,4081.5,4081.5,4270200000.0,4796.56,4316.904,True,3837.2480000000005,False,3938.2694244604313,True
2023-02-10,4068.92,4094.36,4060.79,4090.46,4090.46,3891520000.0,4796.56,4316.904,True,3837.2480000000005,False,3939.158776978417,True
2023-02-13,4096.62,4138.9,4092.67,4137.29,4137.29,3448620000.0,4796.56,4316.904,True,3837.2480000000005,False,3939.1479562043796,True
2023-02-14,4126.7,4159.77,4095.01,4136.13,4136.13,3929200000.0,4796.56,4316.904,True,3837.2480000000005,False,3939.190583941606,True
2023-02-15,4119.5,4148.11,4103.98,4147.6,4147.6,4075980000.0,4796.56,4316.904,True,3837.2480000000005,False,3940.700797101449,True
2023-02-16,4114.75,4136.54,4089.49,4090.41,4090.41,4143660000.0,4796.56,4316.904,True,3837.2480000000005,False,3941.7778417266186,True
2023-02-17,4077.39,4081.51,4047.95,4079.09,4079.09,4045480000.0,4796.56,4316.904,True,3837.2480000000005,False,3941.493381294964,True
2023-02-21,4052.35,4052.35,3995.19,3997.34,3997.34,4121590000.0,4796.56,4316.904,True,3837.2480000000005,False,3936.186985294118,True
2023-02-22,4001.83,4017.37,3976.9,3991.05,3991.05,4079320000.0,4796.56,4316.904,True,3837.2480000000005,False,3936.5874452554744,True
2023-02-23,4018.6,4028.3,3969.19,4012.32,4012.32,3952940000.0,4796.56,4316.904,True,3837.2480000000005,False,3937.1362318840584,True
2023-02-24,3973.24,3978.25,3943.08,3970.04,3970.04,3877700000.0,4796.56,4316.904,True,3837.2480000000005,False,3935.90420289855,True
2023-02-27,3992.36,4018.05,3973.55,3982.24,3982.24,3836950000.0,4796.56,4316.904,True,3837.2480000000005,False,3930.8605882352936,True
2023-02-28,3977.19,3997.5,3968.98,3970.15,3970.15,5043400000.0,4796.56,4316.904,True,3837.2480000000005,False,3928.5811764705886,True
2023-03-01,3963.34,3971.73,3939.05,3951.39,3951.39,4249480000.0,4796.56,4316.904,True,3837.2480000000005,False,3928.747664233577,True
2023-03-02,3938.68,3990.84,3928.16,3981.35,3981.35,4244900000.0,4796.56,4316.904,True,3837.2480000000005,False,3929.1288405797104,True
2023-03-03,3998.02,4048.29,3995.17,4045.64,4045.64,4084730000.0,4796.56,4316.904,True,3837.2480000000005,False,3927.3063768115944,True
2023-03-06,4055.15,4078.49,4044.61,4048.42,4048.42,4000870000.0,4796.56,4316.904,True,3837.2480000000005,False,3920.2479411764702,True
2023-03-07,4048.26,4050.0,3980.31,3986.37,3986.37,3922500000.0,4796.56,4316.904,True,3837.2480000000005,False,3918.4677205882354,True
2023-03-08,3987.55,4000.41,3969.76,3992.01,3992.01,3535570000.0,4796.56,4316.904,True,3837.2480000000005,False,3919.004525547445,True
2023-03-09,3998.66,4017.81,3908.7,3918.32,3918.32,4445260000.0,4796.56,4316.904,True,3837.2480000000005,False,3918.9995652173907,False
2023-03-10,3912.77,3934.05,3846.32,3861.59,3861.59,5518190000.0,4796.56,4316.904,True,3837.2480000000005,False,3916.996666666666,False
2023-03-13,3835.12,3905.05,3808.86,3855.76,3855.76,6558020000.0,4796.56,4316.904,True,3837.2480000000005,False,3911.2697058823524,False
2023-03-14,3894.01,3937.29,3873.63,3919.29,3919.29,5665870000.0,4796.56,4316.904,True,3837.2480000000005,False,3910.2522794117644,True
2023-03-15,3876.74,3894.26,3838.24,3891.93,3891.93,6594010000.0,4796.56,4316.904,True,3837.2480000000005,False,3910.118540145985,False
2023-03-16,3878.93,3964.46,3864.11,3960.28,3960.28,5695790000.0,4796.56,4316.904,True,3837.2480000000005,False,3910.4820289855065,True
2023-03-17,3958.69,3958.91,3901.27,3916.64,3916.64,9354280000.0,4796.56,4316.904,True,3837.2480000000005,False,3909.6561594202894,True
2023-03-20,3917.47,3956.62,3916.89,3951.57,3951.57,5347140000.0,4796.56,4316.904,True,3837.2480000000005,False,3908.647867647059,True
2023-03-21,3975.89,4009.08,3971.19,4002.87,4002.87,4920240000.0,4796.56,4316.904,True,3837.2480000000005,False,3909.225882352942,True
2023-03-22,4002.04,4039.49,3936.17,3936.97,3936.97,4533010000.0,4796.56,4316.904,True,3837.2480000000005,False,3909.4283941605845,True
2023-03-23,3959.21,4007.66,3919.05,3948.72,3948.72,4991600000.0,4796.56,4316.904,True,3837.2480000000005,False,3909.713115942029,True
2023-03-24,3939.21,3972.74,3909.16,3970.99,3970.99,4583970000.0,4796.56,4316.904,True,3837.2480000000005,False,3910.1539568345324,True
2023-03-27,3982.93,4003.83,3970.49,3977.53,3977.53,4233540000.0,4796.56,4316.904,True,3837.2480000000005,False,3909.4502919708025,True
2023-03-28,3974.13,3979.2,3951.53,3971.27,3971.27,4014600000.0,4796.56,4316.904,True,3837.2480000000005,False,3908.748905109489,True
2023-03-29,3999.53,4030.59,3999.53,4027.81,4027.81,4145250000.0,4796.56,4316.904,True,3837.2480000000005,False,3909.611666666666,True
2023-03-30,4046.74,4057.85,4032.1,4050.83,4050.83,3930860000.0,4796.56,4316.904,True,3837.2480000000005,False,3910.6276258992807,True
2023-03-31,4056.18,4110.75,4056.18,4109.31,4109.31,4525120000.0,4796.56,4316.904,True,3837.2480000000005,False,3910.619712230216,True
2023-04-03,4102.2,4127.66,4098.79,4124.51,4124.51,4234700000.0,4796.56,4316.904,True,3837.2480000000005,False,3911.8291970802916,True
2023-04-04,4128.03,4133.13,4086.87,4100.6,4100.6,4227800000.0,4796.56,4316.904,True,3837.2480000000005,False,3913.488102189781,True
2023-04-05,4094.5,4099.69,4072.56,4090.38,4090.38,3968020000.0,4796.56,4316.904,True,3837.2480000000005,False,3914.769927536232,True
2023-04-06,4081.15,4107.32,4069.84,4105.02,4105.02,3486690000.0,4796.56,4316.904,True,3837.2480000000005,False,3916.138633093525,True
2023-04-10,4085.2,4109.5,4072.55,4109.11,4109.11,3423650000.0,4796.56,4316.904,True,3837.2480000000005,False,3920.2105882352944,True
2023-04-11,4110.29,4124.26,4102.61,4108.94,4108.94,3665830000.0,4796.56,4316.904,True,3837.2480000000005,False,3923.2672794117643,True
2023-04-12,4121.72,4134.37,4086.94,4091.95,4091.95,3633120000.0,4796.56,4316.904,True,3837.2480000000005,False,3924.498540145985,True
2023-04-13,4100.04,4150.26,4099.4,4146.22,4146.22,3596590000.0,4796.56,4316.904,True,3837.2480000000005,False,3926.1052173913035,True
2023-04-14,4140.11,4163.19,4113.2,4137.64,4137.64,3575690000.0,4796.56,4316.904,True,3837.2480000000005,False,3929.6023188405798,True
2023-04-17,4137.17,4151.72,4123.18,4151.32,4151.32,3611180000.0,4796.56,4316.904,True,3837.2480000000005,False,3936.9826470588237,True
2023-04-18,4164.26,4169.48,4140.36,4154.87,4154.87,3536640000.0,4796.56,4316.904,True,3837.2480000000005,False,3941.1683088235295,True
2023-04-19,4139.33,4162.57,4134.49,4154.52,4154.52,3572560000.0,4796.56,4316.904,True,3837.2480000000005,False,3942.7256204379564,True
2023-04-20,4130.48,4148.57,4114.57,4129.79,4129.79,3772080000.0,4796.56,4316.904,True,3837.2480000000005,False,3944.0811594202896,True
2023-04-21,4132.14,4138.02,4113.86,4133.52,4133.52,3611750000.0,4796.56,4316.904,True,3837.2480000000005,False,3947.3789130434784,True
2023-04-24,4132.07,4142.41,4117.77,4137.04,4137.04,3290940000.0,4796.56,4316.904,True,3837.2480000000005,False,3952.622058823529,True
2023-04-25,4126.43,4126.43,4071.38,4071.63,4071.63,3978640000.0,4796.56,4316.904,True,3837.2480000000005,False,3955.79830882353,True
2023-04-26,4087.78,4089.67,4049.35,4055.99,4055.99,3837030000.0,4796.56,4316.904,True,3837.2480000000005,False,3956.529635036497,True
2023-04-27,4075.29,4138.24,4075.29,4135.35,4135.35,3750550000.0,4796.56,4316.904,True,3837.2480000000005,False,3957.825434782609,True
2023-04-28,4129.63,4170.06,4127.18,4169.48,4169.48,4087800000.0,4796.56,4316.904,True,3837.2480000000005,False,3961.8623188405795,True
2023-05-01,4166.79,4186.92,4164.12,4167.87,4167.87,3321370000.0,4796.56,4316.904,True,3837.2480000000005,False,3971.0962499999996,True
2023-05-02,4164.1,4164.1,4089.72,4119.58,4119.58,4486130000.0,4796.56,4316.904,True,3837.2480000000005,False,3975.041176470589,True
2023-05-03,4122.25,4148.3,4088.86,4090.75,4090.75,4246510000.0,4796.56,4316.904,True,3837.2480000000005,False,3975.8857664233583,True
2023-05-04,4082.55,4082.61,4048.28,4061.22,4061.22,4920090000.0,4796.56,4316.904,True,3837.2480000000005,False,3976.5041304347833,True
2023-05-05,4084.73,4147.02,4084.73,4136.25,4136.25,4186270000.0,4796.56,4316.904,True,3837.2480000000005,False,3979.8251449275363,True
2023-05-08,4136.98,4142.3,4123.81,4138.12,4138.12,3641640000.0,4796.56,4316.904,True,3837.2480000000005,False,3987.301985294118,True
2023-05-09,4124.25,4130.35,4116.65,4119.17,4119.17,3810140000.0,4796.56,4316.904,True,3837.2480000000005,False,3989.9962500000006,True
2023-05-10,4143.74,4154.28,4098.92,4137.64,4137.64,4057160000.0,4796.56,4316.904,True,3837.2480000000005,False,3991.0739416058395,True
2023-05-11,4132.24,4132.8,4109.29,4130.62,4130.62,3752900000.0,4796.56,4316.904,True,3837.2480000000005,False,3992.085144927536,True
2023-05-12,4138.54,4143.74,4099.12,4124.08,4124.08,3533740000.0,4796.56,4316.904,True,3837.2480000000005,False,3994.4528260869565,True
2023-05-15,4126.65,4141.25,4110.27,4136.28,4136.28,3562170000.0,4796.56,4316.904,True,3837.2480000000005,False,3999.0717647058823,True
2023-05-16,4127.95,4135.54,4109.86,4109.9,4109.9,3654200000.0,4796.56,4316.904,True,3837.2480000000005,False,4000.6073529411765,True
2023-05-17,4122.85,4164.67,4113.62,4158.77,4158.77,4039080000.0,4796.56,4316.904,True,3837.2480000000005,False,4001.761824817518,True
2023-05-18,4157.68,4202.2,4153.5,4198.05,4198.05,3980500000.0,4796.56,4316.904,True,3837.2480000000005,False,4003.184202898551,True
2023-05-19,4204.15,4212.91,4180.2,4191.98,4191.98,4041900000.0,4796.56,4316.904,True,3837.2480000000005,False,4005.503043478261,True
